BAHA,0,0,0,0,0,4.4,3.8,40,13.4,22,1.4,13.4,0,0,0,0,0,0,0,0,0.22,0,0,0,0,0,0,0,0,0,0,0,0,0,0,0,0,0,0,0,0,0,0,0,0,0,0,0,0,0,0,0,0,0,0,0,0,0,0,0,0,0,0,0,0.2,0,0,0,0,0,0,3.2,0,0,0,0,0,0,0,0,0.2,0.4,0,0,0,0,0,0,0,0,0,0,0,0,0,0,0,0,0,0,0,0,0,0,0,0,0,0,0,0,0,0,0,0,0,0,0,0,0,0,0,0,0,0.8,0,0,0,13.2,0,6,0,0,9,0,0,0,2,0,0,0,0,0,0,0,0,0,0,0,0.2,0,2,0,0,0.4,0,0,0,11.02,0.22,1.22,0,0.6,0,0,13,0,0,0,0,0,0.22,0,0,0,0,0,0,0,0,1.62,0.28,0,0.02,0,0,0.02,0,0,25.22,0,0.06,0,0.4,0,0.1,3.6,0,0,0,0,6.02,0.1,0,0,0,0,0,0,0,0,0.8,0,0,0,0,15.02,0,0,0,0,0,0,0,0,0,0,0,0,0,0,0,0,0,0,0,1,0,0,0,0,0,0,0,0,0,0,0,0,0,0,0,0,0,0,0,0,1.2,0,4,0,0,0,0,0,0,0,0,0,0,0,0,0,0,0,0,0,0,0,0,0,0,0,0,0.2,0,0,1,6.4,0.04,12.2,0,0,0,0,0,0,0,0,1.4,7.02,0,0,0,0.4,0,0,0,1.4,0,3,1.4,0.6,0,0,0,0,0,0,7.6,1,0
DISP,0,1,46,0,43,0,0,0,0,0,0,0,0.04,0,3.2,0,0,0,0,0,0,2,0,0,28.02,0,0,0,0,0,0,0,0,0,0,0,0,2.02,0,0,0,0,0,0,0,0,0,0,0,0,0,0,0,0,0,0,0,0,0,0,0,0,0,3.2,22.2,0,3.2,2.4,0,0.4,0,4,0,0,0,0,11,0,18,0,6.4,3.6,0,0,3,5,0,0,0,0,0,0,0,0,0,0,0,0,0,0,0,0,0,0,0,0,0,0,0,0,0,0,0,0,0,0,0,8,0,0,37,8,0,0,84,0,20,14,0,32,0,0.2,52,0,0,0,0,0,0,2,11.6,19,3.24,2.52,3,2.4,22.04,0.02,47,4.02,13,0.02,0,20,0,0,20.24,16.2,0,0,0.2,0,46,34,0,0,8,0,0,0,0,0,0,0,0,0.04,0,0,0,0.8,0,52.8,13.22,1.2,35,0.06,0,0,0.04,2.86,46.2,2.6,0.84,0,0,0.6,49,0,0.62,1.22,0,52.8,1.02,3.44,0,0,0.02,1.4,0,0,28.02,0,39,0,19.04,51.2,0,8,35.6,0.2,0,1,1,0.62,0,1.62,0,13,0.62,12.2,0,0,24.4,3,34,40,0.2,0,0,13.6,0,0,0,0,0,0,0,5,2,0,0,0,0,0,8,0,0.4,7.4,0,30,5.3,0,0,0,0,22.6,0,0,0,0,14,42.6,25,0,14.8,16,21,33.1,0,0,0,0,8,2.6,14,0.02,1,0.2,0.02,0,0,0.02,10.4,0,0,34,0,9.2,37,0,0,0,30,11.4,0,0,5,24.02,0,2,1,0,49.6,3.6,0,19,55,43,2.2,16,0
FICA4,0.2,0,0.02,0.8,0,0,0,0,0,0,0,0,0,0,0,0,0,0,0,0,0,0,0,0,0,0,0,0,0,0,0,0,0,0,0,0,0,0,0,0,0,0,0,0,0,0,0,0,0,0,0,0,0,0,0,0,0,0,0,0,0,0,0,5,0.4,0,0,0,0,0,0,2.2,22.6,0,0,0,0,0,0,0.2,2,0,0.6,0,0,0,0,0,0,0,0,0,0,0,0,0,0,0,0,0,0,0,0,0,0,0,0,0,0,0,0,0,0,0,0,0,0,0,0,0,0,0,0,0,0,0,0,0,0,0,0,0,0,0,0,0,0,0,0,0,0,0,0,0,0,0,0,0,0,0,0,0,0,0,0,0,0,0,0,0,0,0,0,0,0,0,0,0,0,0,0,0,0,0,0,0,0,0,0,0.2,0,0,0.02,0,0,0,0,0,0,0,0,0,0,0,0,0,0,0,0,0,0,0,0,0,0,0,0,0,0,0,0,0,0,0,0,0,0,0,0,0,0,0,0,0,0,0,0,0,0,0,0,0,0,0,12,0.2,0,0,0,2,0,0,0,0,0,0,0,0,0,0,0,0,0,0,0,0,0,0,0,0.02,0,0,0,0,0,0,0,0,0,0,0,0,0,0,0,0,0,0,2.8,0,0,0,0,0,0,0,0,0,0,0,0,0,0,0,0,0,0,0,0,0,0,0,0,0,0,0,0,0,0,0.2,0,0,0,0,0,0,0,0.22,0,0,0
ILVO,0,0,0,0,0,0,0,1.4,0.4,0,0.4,0,0,0,0,0,0,0,0,0,0,0,0,0,0,0,0,0,0,0,0,0,0,0,0,0,2.84,0,0,0,0,0,0,0,0,0,0,0,0,0,0,0,0,0,0,0,0,0,0,0,0.2,0,0,0,0.6,0,0,0,0,0,6.4,4,0,0,0,0,0,0,0,3.4,3,0,0.2,0,0,0.4,0,0,0,0,0,0,0,0,0,0,0,0,0,0,0,0,0,1.2,0,0,0,0,0,0,0,0,0,0,0,0,0,0,0,0,0,0,0,0,0,0,0,0,0,0,0,0,0,0,0,0,0,0,0,0,0,0,0,0,0,0,0,0,0,0,0,0,0,0,0,0,0,0,0,0,0,0,0,0,0,0,0,0,0,0,0.2,0,0.4,0.2,0,0,0,52.5,0,8.2,2.8,0,0,0,0,0,0,0,0,0,0,0,0.02,0,4.2,0.6,0,0,0,0,0,0,0,0,0,0,0,0,0,0,0,0,0,0,0,0,0,0,0,0,0,0,0,0,0,0,0,0,0,0,0,0,0,0,0,0,0,0,0,0,0,0,0,0,0,0,0,0,0,0,0,0,0,0,0,0,0,0,0,0,0,0,0,0,0,0,0,0,0,0,0,0,0,0,0,0,0,0,0,0,0,0,0,0,0,0,0.9,0,0,12.4,0,0,0,0,0,0,0,0,0,0,0,0,0,0,0,0,0,0,0,0,0,0,0,0,0,0,0,0,0,0,0
IPSA,18.6,0,0.2,41,0,2,0,0,0,0,0,0,0,0,0,0,0,0,0,0,0,0,0,0,0,0,0,0,0,0,0,0,0,0,0,0,0,0,0,0,0,0,0,0.02,0,0,0,0,0,0,0,0,0,0,0,0,0,0,0,0,0,0,0,0,3.2,0,0,0,0,0,0,0.2,0,0,0,0,0,0,0,0,0.2,0,0,0,0,0,0,0,0,0,0,0,0,0,7,0,0,0,0,0.4,0,0,0,0,0.6,0,1.8,13.6,0,0,0,0,0,0,0,0,0,0,0,0,0,0,1,0.8,0,0,0,0,0,0,0,0,0,0,0,0,0,0,0,0,0,0,0,0,0,0,0,0,0,0,0,0,0,0,0,0,0,0,0,0,0,0,0,0,0,0,0,0,0,0,0,0,0,1,0,0,0,0,0,0.2,0.06,0,0,0,0,0,0,0,6.64,0,0,0,0.4,0,0.04,0.22,0,0,0.02,0,0,0,0,0,0,0,0,0,0,0,0,0,0,0,0,0,0,0,0,0,0,0,0,0,0,0,0,0,0,0,0,0,0,0,0,0,0,0,0,0,0,0,0,0,0,0,0,0,0,0,0,0,0,0,0,0,0,0,0,0,0,0,0,0,0,0,0,0,0,0,0,0,0,0,0,0,0,0,0,0,0,0,0.02,0,0,1.06,0,0,0.28,0,0,4.44,0,0,0.1,0,2.44,0,0,0,0,0,0,0,0,0,0,0,0,0,0,0,0,0,0,0,0,0,0,0,0
JURO,10.2,86,80,16,69,0,0,0,0,0,0,0,0,0,0,0,0,0,0,0,0,0,0,0,0,0,0.84,60.2,87.4,0,0,78,0,0,0,0,0,89.2,48,0,85.6,0,0,33,0,0,0,0,0,0,0,52.6,94.4,0,0,0,0,0,0,70,0,0,0,90,2,0,26,22,0,0,0,6,0.2,0,76,0,53,0,69,13,18.2,28,0,0,15.6,4,0,0,0,0,0,84,0,0,0,0,0,0,0,0,0,0,0,0,0,0,0,0,0,0,0,0,0,0,0,0,24.6,0,100,0,0,12,0,0,0,0,0,51,0,0,0,0,0,21.6,0,0,0,0,0,30,0,0,0,0,0,0,0,0,0,25.02,0.02,57,0,0.2,0,66,0,0,0,0,0,0,0,0,0,52.4,15.2,90,72,90,0,63,0,0,42.2,40,50,0,49,17.22,0.2,6,1.02,26.6,22.2,84,0,0,73,94,4,35.2,75.6,0,0.2,0,0,0,1.6,82.6,19.82,0,91.4,80.02,0,0,0,0,0,0,0,0,0,0,0,0,0,0,0,0,0,0,0,0,0,0,0,0,0,34,0,0,12.4,4.4,33,0,0,0,0,64,0,0,0,0,0,0,0.4,0,0,0,0,8,0.4,0,0,0,40,35,0,0,0,6.2,0,0,0,0,0,0,0,0,0,0,0,0,0,0,0,0,0,0,0,0,0,13,0,0,0,10,0,0,0,0.02,1.2,0,0,0,0,0.6,28.4,0,0,0,4,0,0,0,0,0,0,0,0,0,0,0.6,0,0,0,0,0,0,0
KOVI,0,0,5.2,0.6,0,17,4.4,3.4,12,5.8,0,7.2,0,0,0,0,0,0,0,0,0,0,0,0,0,0,0,0,0,0,0,0,0,0,0,0,0,0,0,0,0,0,0,0,0,0,0,0,0,0,0,0,0,0,0,0,0,0,0,0,0,0,0,0,0,0,0,0,0,0,0,0,0,0,0,0,0,0,0,0,0,0,0,0,0,0,0,0,0,0,0,0,0,0,0,0,0,0,0,0,0,0,0,0,0,0,0,0,0,0,0,0,0,0,0,0,0,0,0,0,0,0,0,0,0,0,0,0,0,0,0,0,0,0,0,0,0,0,0,0,0,0,0,0,0,0,0,6.4,0,0,0,0,0.12,0,0,0,0,0,0,0,0,0,0,0,0,0,0,0,0,0,0,0,0,0,0,0,0,0,0,0,0.04,0,0,0,0,0,0,0,0,0,0,0,0,0,0,1.04,0,0,0,0,0,0.08,0,0,0,0,0,0,0,0,0,0,0,0,0,0,0,0,0,0,0,0,0,0,0,0,0,0,0,0,0,0,0,0,0,0,0,0,0,0,0,0,0,0,0,0,0,0,0,0,0,0,0,0,0,0,0,0,0,0,0,0,0,0,0,0,0,0,0,0,0,0,0,0,0,0,0,0,0,0,0,0,0,0,0,0,0,0,0.26,0.14,0,0,0,0,0.04,0,0,0,0,0,0,0,0,0,0,0,0,0,0,0,0,0,0,0,0,0,0,0,0,0,0
LYLI2,0,0,7.8,0.4,0,0,0,0,0,0,0,0,0,0,0,0,0,0,0,0,0,0,0,0,0,0,0,0.8,0,0,0,0,0,0,0,0,0,0,0,0,0,0,0,0,0,0,0,0,0,0,0,0,0,0,0,0,0,0,0,0,0,0,0,0,0,0,0,0,0,0,0,0,0,0,0,0,0,0,0,0,0,0,0,0,0,0,0,0,0,0,0,0,0,0,0,0,0,0,0,0,0,0,0,0,2.6,0,0,0,0,0,0,0,0,0,0,0,0,0,0,0,0,0,0,11.8,0,0,0,0,0,0,0,0,18,3.2,0,0,0,0,0,0.02,0,0,0,0,0,0,0,0,0,0.44,1.24,0,0,0.8,0,0,0,0,0,0,0,0,0,0,0,0,0,0,0,0,0,0,0,0,1,0,0,0,0,0,0,0,0,0,0,0,0,0,0.02,0,0,0,0,0,0,0,0,0,0.06,0,0,0,0,0,0,0,0,0,0,0,0,0,0,0,0,0,0,0,0,0,0,0,0,0,0,0,0,0,0,0,0,0,0,0,0,0,0,0,0,0,0,0,0,0,0,0,0,0,0,0,0,0,0,0,0,0,0,0,0,0,0,0,0,0,0,0,0,0,0,0,0,0,0,0,0,0,0,0,0,0,0,0,0.2,0.1,0,0,0,0,0,0,0,0,0,0,0,0,0.12,0,0,0,0,0,0,0,0,0,0,0,0,0,0,0,0,0,0,0,0,0,0,0,0
MOCE2,0.6,0,0,0.4,0,34,19,31,26,16,8.4,0,0,0,0,0,0,0,0,0,1,0,0,0,0,0,0,0,0,0,0,0,0,0,0,0,0.02,0,0,0,0,0,0,0.2,0,0,0,0,0,0,0,0,0,0,0,0,0,0,0,0,10,0,0,0.2,2,0,0,0,0,0,1.2,0,7,5,0,0,0,0,0,2.4,1,0,0,0,0,0,0,0,0,0,0,0,0,0,0,0,0,0,0,0,0,0,0,1,0,0,0,0,0,0,0,0,0,0,0,0,0,0,0,0,0,0,0,0,0,0,0,0,0,0,0,0,0,0,0,0,0,0,0,0,0,0,0,0,1.02,0,0,1.2,0,0,0,0,1.44,0,0,0.2,0,1,0,5.04,0,0,0,0,0,0,0,0,0,0,0.2,0,0,0,0,0,0,4.5,0,3.4,50,0,1.2,0,0,0,0,0,4.8,0,0.6,0,0.02,0,57.8,19.6,0,17,0,0,0,0.26,0,0,0,0,0,0,0,0,0,0,0,0,0,0,0,0,0,0,0,0,0,0,0,0,0,0,0,0,0,0,0,0,0,0,0,0,0,2,0,0,0,0,0,0,0,0,0,0,0,0,0,0,0,0,0.4,0,60,0,0,0,0,0,0,0,0,0,0,0,0,0,0,0,0,0,0,0,0,0,0,0,0,0,0,0,0,0,0,0.2,0,0,0,0,0,0,0,0,0,16,45.2,0,0,2,0,29,51,0,37,18,30,48,0,55,14,0,0,0,5,0,0
OSRE,2.2,0,0,1,0,9.4,9.4,10,6.8,0.2,0.2,0,0,0,0,0,0,0,0,0,0,0,0,0,0,0,0,0,0,0,0,0,0,0,0,0,0,0,0,0,0,0,0,0,0,0,0,0,0,0,0,0,0,0,0,0,0,0,0,0,0,0,0,0,0,0,0,0,0,0,0,0,0,0,0,0,0,0,0,0,0,0,0,0,0,0,0,0,0,0,0,0,0,0,0,0,0,0,0,0,0,0,0,0,0,0,0,0,0,0,0,0,0,0,0,0,0,0,0,0,0,0,0,0,0,0,0,0,0,0,0,0,0,0,1.8,5.22,0,0,0.4,0,0,0,0,0,0,0,0,0.06,0,0,0,0,0.08,0,0,0,0,0,0,0,0,0,0,0,0,0,0,0,0,0,0,0,0,0,0,0,0,0,0,0,0.08,0,0,0,0,0,0,0,0,0,0,0,0,0,0.08,0,0,0.02,0,0,0,0,0,0,0,0,0,0,0,0,0,0,0,0,0,0,0,0,0,0,0,0,0,0,0,0,0,0,0,0,0,0,0,0,0,0,0,0,0,0,0,0,0,0,0,0,0,0,0,0,0,0,0,0,0,0,0,0,0,0,0,0,0,0,0,0,0,0,0,0,0,0,0,0,0,0,0,0,0,0,0,0,0,0,0,0,0,0,0,0,0,0,0,0,0,0,0,0,0,0,0,0,0,0,0,0.6,0,0,0.04,0,0,0,0,0,0,0,0,0,0,0,0
PAVI2,0,0,0,0,0,0,0,1.8,0,8,0,0,0,0,0,0,0,0.02,0,0,0,3,0,1.4,0,0,0,0.2,0,0,0,0,0,0,0,0,0.44,0.02,0,0,0,0,0,0.02,0,0,0,0,0,0,0,0,0,0,0,0,0,0,0,0,0,0,0,0,0,0,0,0,0,0,0,0,0.6,0.2,0,0,0,0,0,1.8,0,0,5.8,0,0,0,0,0,0,0,0,0,0,0,0,0,0,0,0,0,0,0,0,0,0,0,0,0,0,0,0,0,0,0,0,0,0,0,0,0,0,0,0,0,0,0,0,0,0,0,0,0,0,0,0,0,0,0.6,0,0,0,0,0,0,3.22,0,0,0,0,0,0.02,0,0,0,0,0,0,0.02,0,0,0,0.2,0,0,0,0,0,0,0,0,0.2,0,0,0,0,0,0,0,0,0,5.02,0,0,0,0,0,0,0,0,0,0,0,0,0,4.44,0.02,0,0,0,0,0,0,0,0,0,0,0,0,0,0,0,0,0,0,0,5.4,0,0,0,0,0,0,0,0,0,0,0,0,0,0,0,0,0,0,0,0.6,0,0,0,0,0,0,0,0,0,0,0,0,0,0,0,0,0,0,0,0,0,0,0,0,0,0,0,0,0,0,0,0,0,0,0,0,0,0,0,0,0,0,0,0,0,0,0,0,0,0,0,0,0,0,0,0,0,0,0,0,0,0,0,0,0,0,0,0.2,0,0.4,0.8,0,48,5,14.6,0,0,1.4,0,0,0,0,0,0,0
PHAU7,0,0,0,0,0,0,0,0,0,1.6,2.4,0,0,0.22,0,14.6,33.4,32.6,0,99,0.04,33,11.2,34,0.6,0,0,0,0,0,0,0,0,0,0,0,0,0,0,0,0,0,0,0,0,0,0,0,0,0,0,0,0,0,0,0,0,0,0,0,0,0,0,0,0,0,0,0,0,0,0,0,0,0,0,0,0,0,0,0,0,0,0,0,0,0,0,0,0,0,0,0,0,0,2,0,52.4,0,0,60,0,0,38,20,64.6,100,48,0,100,100,100,0,100,100,0,0,4.4,15.6,0,0,0,0,0,0,0,0,0,0,66.02,27,100,0,0,0,0,0,0.02,53.02,0,54,0,0,76,0.02,64.02,0,34.02,80,0,14.02,36.42,27,74,37.4,0,20.42,8,4.2,95,87,0,89,0,30,95,0,0,0,0,0,0,0,0,0,0,0,0,0,0,0,0,0,0,0,0,0,0,0,0,0,0,0,0,0,0,0,0,0,0,0,0,0,1.42,18.4,0,0,0,0.22,0,0,0,0,0,0,0,3.6,0,0.04,0,0,0,0.02,0.02,29.4,0,0,0,0,24.4,0,0,0,0,0,0,0,0,0,0,0.2,0,0,0,0,0,0,0,0,1.2,0,0,0,0,0,0,0,0,0,0,0,0,0,0,0,0,0,0,0,0,0,0,0,5,0,0.12,0.4,0,0,0,0,0,0,0,0,0,0,0,0,63,0.6,0,7.6,0,14.24,2.42,0,21.2,12,0,4.6,0,0,0,5,0,0,0,69.2,0,0,0,36,0,0,12,9,0,0,62,38,0
QUVI,0,0,0,0,0,0,0,0,0,0,0,0,0,0,0,0,0,0,0,0,0,0,0,0,0,0,0,0,0,0,0,0,0,0,0,0,2.02,0,0,0,0,0,0,0,0,0,0,0,0,0,0,0,0,0,0,0,0,0,0,0,1,0,0,0,0,0,0,0,0,0,56,4,0,18,0,0,1,0,0,25.2,10,0,46,0,2.4,8,0,0,0,0,0,0,0,0,0,0,0,0,0,0,0,0,0,0,0,0,0,0,0,0,0,0,0,0,0,0,0,0,0,0,0,0,0,0,0,0,0,0,0,0,0,0,0,0,0,0,0,0,0,0,0,0,0,0,0,0,0,0,0,0,0,0,0,0,0,0,0,0,0,0,0,0,0,0,0,0,0,0,0,0,0,0,0,5,0,0,0,0,0,5,0,0,0,0,0,0,0,0,0,0,0,0,0,0,0,0,0,0,0,0,0,0,0,0,0,0,0,0,0,0,0,0,0,0,0,0,0,0,0,0,0,0,0,0,0,0,0,0,0,0,0,0,0,0,0,0.8,0.6,0,0,0,0,0,0,0,0,0,0,0,0,0,0,0,4,0,0,0,1,0.2,0,0,0,0,0,0,0,0,0,0,0,0,0,0,0,0,0,0,0,0,0,0,0,0,0,0,0,0,0,0,0,0,0,0,0,0,0,0,0,0,0,0,0,0,0,0,0,19,0,0,0,0,0,0,0,0,0,0,0,0,0,0,0
SALA,0,0,0,0,0,0.6,0,3.8,0,0.4,0,7.8,0,0,0,0,0,0,0,0,0,0,0,0,0,0,0,13,0,0,0,0,0,0,0,0,0,0,0,0,0,0,0,0.62,0,0,0,0,0,0,0,0,0,0,0,0,0,0,0,0,0,0,0,0,0,0,0,0,0,0,0,0,0,0,0,0,0,0,0,0,0,0,0,0,0,0,0,0,0,0,0,0,0,0,0,0,0,0,0,0.2,0,0,0,0.6,0,0,0,0,0,0,0,0,0,0,0,0,0,0,0,0,0,0,0,0,0,0,0,0,1.2,0,0,0,0,0,0,0,0,0,0,0,0,0,0,0,0,0,0,0,0,0,0,0,0,0,0,0,0,0,0,0,0,0,0,0,0,0,0,4,26,0,0,0,0.6,0,1,0,0,0,0,0,0,0,0,0,0,0,0,0,0,0,0,0,0,0,0,0,0,0,1.02,0,0,0,0,0,0,0,0,0,0,0,0,0,0,0,0,0,0,0,0,0,0,0,0,0,0,0,0,0,0,0,0,0,0,0,0,0,0,0,0,0,0,0,0,0,0,0,0,0,0,0,0,0,0,0,0,0,0,0,0,0,0,0,0,0,0,0,0,0,0,0,0,0,0,0,0,0,0,0,0,0,0,0,0,0,0,1.8,0,0,0,0,0,0.02,0,0,0.02,0,0.02,3.82,0,0,0,0,0,0,0,0,0,0,0,0,0,0,0,0,0,0,0,0,0,0,0
SADE10,0,0.4,0,0,0,0,0,0,0,0,0,0,0.06,0,0.28,0,0,0,0.2,0,0,0,0,0,0.08,0,0,0,0,0,0,0,1,0,0,0,0,0.06,0,0,0,24.2,10.2,0,0,0,0,0,0,0,1.64,0.42,0.04,0,0.84,0,0,0.02,0,0,0,0,0,0,0,0,0,0,0,4.4,0,28.2,7.6,0,0,0,13.6,0,0,0,1.8,23,0.4,0,16.4,9,0,0,0,0,0,0,0,0,0,0.8,0,0,0.4,0,0,17,0,0,0,0,0,0,0,0,0,0,0,0,0,0,0,0,0,0,0,0,0,0,0,0,0,0,0,0,0,0,0,0,0,0,0.04,0,0,0,0,0.28,0,0,0,0,0,0,0,0,0,0,0,0,0,0,0,0,0,0,0.08,0,0,0,0,0,0,0,0,0,0,0,0,0,0,0,0,0,0,0,0,0,44.6,3.82,0,0,0,0,0,0,0,0,0,0,0,0,0.44,0,0,1.46,0,0,0,0,0.08,0.06,0.04,0.24,0.06,0.62,0.04,1,0.1,33,0.62,0.06,0.2,0.08,0.06,0.8,0.08,0.06,0.06,0.1,0.02,0.08,0.06,0.08,0.1,3.4,0,1,1.4,21.4,5.6,0,0.4,0,0,1.2,32,0,0,0,0,0,4,23,0.2,0,0,53,9,0,10,0,0,25,0,4.04,38.7,27,0.02,0,0,0,0.1,0,0.26,16,0,0,0,0,0,0,1,0.4,0,0.02,0,0,0,0,12.4,0,0,0,0,0,8.2,0,1.1,5.02,0,59.6,0,0,0,0,0,0,0,0,0,0,0,0.02,0,0,0,0,0,0,0,0,0,0,0,0.04,0
BORO5,0,0,0,0,5,0,0,0,0,0,0,0,0,0,0,0.02,0.02,7,0,0,0,0,0.2,0.6,0,0,0,0,0,0,0,0,0,0,0,0,0,0,0,0,0,0,0,0,0,0,0,0,0,0,0,0,0,0,0,0,0,0,0,0,0,0,0,0,0,0,0,0,0,0,0,0,0,0,0,0,0,0,0,0,0,0,0,0,0,0,0,0,0,0,0,0,0,0,0,0,0,0,0,0,0,0,0,0,0,0,0,0,0,0,0,0,0,0,0,0,0,20,0,0,36.6,0,0,15.4,68,28,0,0,0,0,0,0,0,30.2,0,0,0,0,0,0,0,0,0,0,0,0,0,0,0.24,0,0,0,0,10.2,0,0,0,0.04,0,0,0,0,0.2,0,0,0,0,8.2,0,0,80,0,0,0,0,0,0,0,0,0,0,0,0,0,0,0.06,0,0,0,0.02,0.84,0.42,0,0,0,2.4,0,0,0.24,0,10.2,0.02,0.82,0.02,0,0,0,0,0,0,0,0,0,0,0,0.06,0,0.02,0,0,0,0,0,0,0,0,0,0,0,0,0,0,0,0,0,0,0,0,0,0,0,0,0,0,0,0,0,0,1,0,0,0,0,0,0,0,0,0,0,0,0,0,0,0,0,25,0,0.2,0,0,9.8,3.6,59,0,0,0.02,0,0,0,0,0,0,0,0.22,0,66,0,0.1,0,0,0,0,0,0,0,0,41,0,0,0,0,10.4,0,0.4,0,0,6.6,0,0,0.02,0.2,0,0,6.4,0,0,0,1.2,0,0.4,0
SMRO,0,0,0,0,0,0,1.2,4.4,0.2,0,0,0,0,0,0,0,0,0,0,0,0,0,0,0,0,0,0,0,0,0,0,0,0,0,0,0,0,0,0,0,0,0,0,0,0,0,0,0,0,0,0,0,0,0,0,0,0,0,0,0,0,0,0,0,0,0,0,0,0,0,0,0,0,0,0,0,0,0,0,0,0,0,0,0,0,0,0,0,0,0,0,0,0,0,0,0,0,0,0,0,0,0,0,0,0,0,0,0,0,0,0,0,0,0,0,0,0,0,0,0,0,0,0,0,0,0,0,0,0,0,0,0,0,0,7.02,0,0,0.64,0.22,0,0,0,0,0,0,0,0,0,0,0,0,0,0,0,0,0,0,0,0,0,0,0,0,0,0,0,0,0,0,0,0,0,0,0.4,0,0,0,0,0,0,0.04,0,0,0,0,0,0,0,0.02,0,0,0,0,0,0,8.22,0,0,0,0,0,0,0,0,0,0,0,0,0,0,0,0,0,0,0,0.2,0,0,0,0,0,0,0,0,0,0,0,0,0,0,0,0,0,0,0,0,0,0,0,0,0,0,0,0,0,0,0,0,0,0,0,0,0,0,0,0,0,0,0,0,0,0,0,0,0,0,0,0,0,0,0,0,0,0,0,0,0,0,0,0,0,0,0,0,0,0,0,0,0,0,0,0,0,0,0,0,0,0,0,0,0,0,0,0.6,0,24,0,0,0.6,0.2,5.2,0.64,0,0.6,1,0,0,0,0,0,0
SOSE,1,0,0,0,0,0,0,0,0,3.6,0.8,14,0,0,0,0,0,1,0,0,0.04,0.06,0,0,0,0,0,0,0,0,0,0,0,0,0,0,0,0,0,0,0,0,0,0,0,0,0,0,0,0,0,0,0,0,0,0,0,0,0,0,0,0,0,0,0,0,0,0,0,0,0,1.6,0,0,0,0,0,0,0,0,0,0,0,0,0,0,0,0,0,0,0,0,0,0,0,0,0,0,0,0,0,0,0,3.4,12.8,0,0,0,0,0,0,0,0,0,0,0,0,0,0,0,0,0,0,0,0,0,0,0,0.8,0,0,0,0,0,0,0,0.24,0,0,0,0,0,0,0,0,0,0,0,0,0,0,0,0,0.2,0,0,0,0,0,0,0,0,0,0,0,0,0,0,0,0,0,0,0,0,0,0,0,0,0,0,0,0,0,0,0,0,0,0,0,0,0,0,0,0,0,0,0,0,0,0,0,0,0,0,0,0,0,0,0,0,0.2,0,0,0,0,0.02,0,0,0,0,0,0,0,0.02,0,0,0,0,0,0,0,0,0,0,1,0.4,0,0,0,0,0,0,0,0,0,0,0,0,0,0,0,0,0,0,0,0,0,0,0,0,0,0,0.04,0,0,0,0.46,0,0,0,0,0,0,0,0,0,0,0,0,0,0,0,0.02,0,0,3.22,0.1,0,20,1.84,0,9,0,0,11.6,0,2.1,0,0,0,0,0,0,0,0,0,0,0,0,1.8,0.02,0,0,0,0,0,0,0,0,0.4,0
SPPA,0,2,0,0,24,0,0,0,0,0,0,0,0,0,1.2,0,0,0,0,0,0,21,0,22,4,0,0,0.2,0,0,0,0,0,0,0,0,0,0.2,0,0,0,0,0,0,0,0,0,0,0,0,0,0,0,0,0,0,0,0,0,0,0,0,0,0,0,0,0,0,0,0.2,1.8,0,7.2,0,0,0,0,0,0,0,18,2,4.2,0,13,0,0,0,0,0,0,0,0,0,45.4,95,0,100,38,100,80.2,0,100,0,0,0,100,21,0,0,0,0,0,0,0,0,0,38,0,0,0,52,98.2,88,16,92,0,0,0,7,0,14,19,100,0,0,33.04,0,0,6.2,0.62,29,0.4,1.44,3.04,5.22,1.24,0,48,14,51,0.04,0,48,0,0,77.2,77,0,0,30,0,46,18,0,0,33,0,0,10,0,0,0,25.2,1,20,0,0,0,29.42,0,50.8,20,54,16.4,0.02,0,0,5.08,0,37.8,24.6,0,0,0,34.2,0,0,0,0,8.22,30.02,0,1.82,41,0,2.46,6,45.2,0.84,8.02,0,20.6,0.2,7.8,10.02,0,59.4,48.8,0,0,48,65,0.64,0,0.8,6.2,10.42,1.22,0,0,0,0,8,0,0,1.4,0,0,0,0,0,0,0,0,0,0,0,0,0,0,1,0,0,1,0,0,0,11.42,0,7.8,0,0,6.22,49,81,0,77.22,0,0,60,0.24,56,0,96,99.6,0,0,0,4,0,0,47,3.5,0,0,2,2.02,0,15,0,0,0,0,0,0,0.02,50.4,30.4,0,0,0,0.6,30,0,0,69,6,0,57,31,0,49.8,68,12,34.8,34,59,11.6,36,0
TORA2,0,0,0,0,0,9,0.8,3.6,5.8,0,0,0,0,0,0,0,0,0,0,0,0,0,0,0,0,0,0,0,0,0,0,0,0,0,0,0,0.4,0,0,0,0,0,0,0,0,0,0,0,0,0,0,0,0,0,0,0,0,0,0,0,0.2,0,0,0,0,0,0,0,0,0,0,0,0,0.4,0,0,0,0,0,0,0,0,0,0,0,0,0,0,0,0,0,0,0,0,0,0,0,0,0,0,0,0,0,0,0,0,0,0,0,0,0,0,0,0,0,0,0,0,0,0,0,0,0,0,0,0,0,0,0,0,0,0,0,0,0.28,2.6,0.02,1.84,1.04,0,0,0,0.02,0,0.02,0,0,11,0,0,0,0,17,0.4,0,0.4,0,0.02,17,14,0,2.4,0,0,13,0,0,0,0,0,0,0,4,0,0,0,0,13.75,0,0.24,28,0,0,0,0,0,0,0,1.42,0,1.04,0,0.02,0,23.6,31.2,0,0.04,0,0,0,4.02,0.02,0,0,0,0.02,0,0,0,0,0,0,0,0,0.02,0,0,0,0,0,0,0,0,0,0,0,0,0,0,0,0,0,0,0,0,0,0,0,0,0,0,0,0,0,0,0,0,0,0,0,0,0,0,0,0,0,0,7,0,0,0,0,0,0,0,0,0,0,0,0,0,0,0,0,0,0,0,0,0,0,0,0,0,0,0,1.2,0,0,0.02,0,0,0,0,0,0,0,0,0,0.4,3.8,0,0,0.4,0,1.04,5,0.2,2.8,0.2,2.02,7,0,3.6,0,0,0,0,40,1,0
PITA,0,0,0,0,0,0,0,0,0,0,0,0,0,0,0,0,0,0,0,0,0,0,0,0,0,0,0,0,0,0,0,0,0,0,0,0,0,0,0,0,0,0,0,0,0,0,0,0,0,0,0,0,0,0,0,0,0,0,0,0,0,0,0,0,0,0,0,0,0,0,0,0,0,2.2,0,0,0,0,0,0,0,0,0,0,0,0,0,0,0,0,0,0,0,0,0,0,0,0,0,0,0,0,0,0,0,0,0,0,0,0,0,0,0,0,0,0,0,0,0,0,0,0,0,0,0,0,0,0,0,0,0,0,0,0,0,0,0,0,0,0,0,0,2,0,1.2,0,0,1,0,0,3,0,0,0.4,0,1,0,0,10,2.4,0,6.4,0,0,0.2,0,0,0,0,0,0,0,1,0,0,0,0,2,0,5.64,0,0,0,0,0,0,0,0,0,0,0,0,0,0,0,4.6,0,0,0,0,0,0,0,0,0,0,0,0,0,0,0,0,0,0,0,0,0,0,0,0,0,0,0,0,0,0,0,0,0,0,0,0,0,0,0,0,0,0,0,0,0,0,0,0,0,0,0,0,0,0,0,0,0,0,0,0,0,0,0,0,0,0,0,0,0,0,0,0,0,0,0,0,0,0,0,0,0,0,0,0,0,0,0,0,0,0,0,0,0,0,0,0,0,0,0,0,0,0,0,0,3,0,0,2.6,0,3,0,0,0,5,55,44,0,0,0,0,0,0,37,5,0
TYAN,0,0,0,0,0,0,0,0,0,0,0,0,0,0,0,0.02,0,19.4,0,0,0,3.2,0,4,0,0,0,0,0,0,0,0,0,0,0,0,0,0,0,0,0,0,0,0,0,0,0,0,0,0,0,0,0,0,0,0,0,0,0,0,0,0,0,0,0,0,0,0,0,0,0,0,0,0,0,0,0,0,0,0,0,0,0,0,0,0,0,0,0,0,0,0,0,0,0,0,0,0,0,0,0,0,0,0,0,0,52,0,0,0,0,0,0,0,0,0,0,0,0,0,0,0,0,0,0,0,0,0,0,0,0,0,0,0,45.02,98,0,0,0,0,0,0,0,0,0,0,0,0,0,0,0,0,0,0.2,0,0,0,0,0,0,0,0,0,0,0,0,0,0,0,0,0,0,0,0,0,0,0,0,0,0,0,0,0,0,0,0,0,0,0,0,0.02,0,0,0,0,0,0,0,0.02,0,0,12.2,0,0,0,0,0,0,0,0,0,0,0,0,0,0,0,0,0,0,0,0,0,0,0,0,0,0,0,0,0,0,0,0,0,0,0,0,0,0,0,0,0,0,0,0,0,0,0,0,0,0,0,0,0,0,0,0,0,0,0,0,0,0,0,0,0,0,0,0,0,0,0,0,0,0,0,0,0,0,0,0,0,0,0,4.2,0,0,0,0,0,7.02,0,0,0,0,0,36.8,0,0.6,0,0,0,0,0,0,0,0,0,0,0,0,0,0,1.8,0,0,0,0,0,0
SCAM6,0,0,0,0,0,0,0,0,0,0,0,0,0,0,0,0,0,0,0,0,0,8.4,0,3,0,0,0,0,0,0,0,0,0,0,0,0,0,0,0,0,0,0,0,0,0,0,0,0,0,0,0,0,0,0,0,0,0,0,0,0,0,0,0,0,0,0,0,0,0,0,0,0,0,0,0,0,0,0,0,0,0,0,0,0,0,0,0,0,0,0,0,0,0,0,0,0,0,0,0,0,0,0,0,0,0,0,0,0,0,0,0,0,0,0,0,0,0,0,0,0,0,0,0,0,0,0,0,0,0,0,0,0,0,0,0,0,0,0,0,1.2,0,0,0,5,0,20.02,18.2,0,0,0.02,0,0.02,0,0,0,4.2,16,0,0,0,0,0,0,16,0,0,0,0,0,0,0,0,0,0,0,0,0,0,0,0,0,0,0,0,46.6,0,0,0,0,0,75.4,0,0,0,0,0,0,0,0.4,0,0,0,0,0,0,0,0,0,0,0,0,0,0,0,0,0,0,0,0,0,0,0,0,0,0,0,0,0,0,0,0,0,0,0,0,0,0,0,0,0,0,0,0,0,0,0,0,0,0,0,0,0,0,0,0,0,0,0,0,0,0,0,0,0,0,0,0,0,0,0,0,0,0,0,19.4,2.6,0,0,0,0,0,0,61,0,0,0,0,0,0,0,0,0,0,0,0,0,0,33.8,0,0,0,0,0,0,0,0,0,0,0,0,0,0,0,0.2,2,0,0,0,0,0,0
JUVI,0,0,0,0,0,0,0,0,0,0,0,0,0,0,0,0,0,0,0,0,0,0,0,0,0,0,0,0,0,0,0,0,0,0,0,0,26.6,0.2,0,0,0,0,0,1.2,0,0,0,0,0,0,0,0,0,0,0,0,0,0,0,0,0,0,0,0,0,0,0,0,0,0,3.2,25,0,0,0,0,12,0,0,0.2,4,2.2,2.8,0,0,13,0,0,0,0,0,0,0,0,0,0,0,0,0,0,0,0,0,0,0,0,0,0,0,0,0,0,0,0,0,0,0,0,0,0,0,0,0,0,0,0,0,0,0,0,0,0,0,0,0,0,0,0.8,0,0,0,0,0,0,0,0,0,0,0,0,1,0,0,0.2,0,0,0,0,0.02,0.02,0,12.2,0,0,0,0,0,0,0,0,0,0,0,0,0,0,0,0,0,15.02,0.26,0,0.22,0,0,0,0,0,0.02,0,0,0,0,0,0.1,9.8,0,0,0,0,0,0,0,0,0,0,0,0,0,0,0.4,0,0,0,0,0.02,0,0,0,0,0,0,0,0,0,0,0,0,0,0,0,0,0.2,1,2.4,2.6,1,0,0,0.2,0,0,0,0,0,0,0,0,0,0,0,1.6,0,0,0,0,3,4,0.2,0,0,0,0,0,0,0,0,0,0,0,0,0,0,0,0,0,0,0,0,0,0,0,0,0,0,0,0,0,0,0,0,0,0,0,0,0,0,0,1.6,0,0,0,0,3.4,0,0,0.02,0.6,0,5.6,0,0,0,0.02,0,0,0,0,22,0,0
SPAL,0,0,0,0,0,0,0,0,0,0,0,0,82,11.8,74,2,29,0,0.22,0,0,7,0.4,1,55.8,71,0,0,0,0,43.4,0,0,35,0,36,0,0.2,0,49,1,0,0,0,0,0,0,0,0,50,0,2.82,0,0,0,0,0,44,0,0,0,85,93,0,3.2,62,40,42,70,74.6,10,0,0,0,0,84,20,89.4,0,2,0,0,0,76,30.4,13,41,86,87,85,83,7,93,89,0,5,0,0,20,0,0,100,0,0,0,0,0,0,0,0,0,5,0,32,100,100,79.6,0,100,100,4,2,0,0,0,82,100,31,1.6,0,0,1,26,0,0,0,4.2,0,0,7.04,0,24,0,0,0,18,0,0,0.2,29.2,0,17,0,0,32,0,0,0,0,0,66.8,0,8,0,0,47.6,0,0,0,0,0,37,0,0,38.2,20,50,0,47,0,0,0,0.8,0.62,0,0.44,82,81,0,0,0,5.22,2.8,88.4,0,0,0.8,0,0.04,11.82,3.02,0,0,0,54.2,82.8,49.62,74,51,58.6,32.02,87.8,25.8,63.8,65.6,0,90.4,28.42,14.04,93.8,88.8,51,34,59.4,66.4,94.2,88.8,62,61.8,58,79,89,1,0,0,17,72,89.8,93,2,46.2,77,61,82,87.4,77,79,69,51,80,93.4,1.8,73.4,83,71,86,29,5,0,0,38.6,0,0,0,0,0,0,0,0,0.54,17.2,0,0,69,0,0,28,42,6,0,0,0,0,0,48.04,0,0,0,0,0,75,0,0,0,0,4,0.04,1.2,0.2,0,0,54,47,18,58,0,0,0.6,0,15,0,0,0.6,0,0,8.6,14,5,0,11,77
IVFR,0,0,0,0,0,0,0,0,0,0,0,0,0,0,2.02,11.02,0,0,0,0,0,0,14,0,0,0,0,0,0,0,0,0,0,0,0.2,0,0,0,0,0,0,0,0,0,0,0,0,0,0,0,0,0,0,0,0,0.6,0,0,0,0,0,0,0,4,0,0,0,0,0,0.6,0.6,10,0.4,0,0,0,1,0,0,0,1,0.6,2,0,0.2,1,0,0,0,0,0,0,0,0,0,0,0,0,0,2.4,0,0,25,4,0,0,0,2.4,0,0,0,9,1.4,0,0,0,0,0,0,0,0,0,1.8,0,0,0,0,0,0,0,0,0,0,0,0,0,55,0,0,3.2,0,3.22,0,0,0,0,0,0,4.6,15.02,1.02,2.22,0,5.2,0,0.2,0,7,0,0,0,0.4,3.02,0,0.2,0,0,0,0,0,0,0,0,0,0,0,0,0,0,2.22,0,0,3.8,0.2,0,0,0,0,0.02,0,0,12.04,0,0,0,1.22,0,0,2.02,0,0,1.82,0,0,0,0,27.62,0.1,0,19.2,2.4,0,0,0,3.2,5.4,0,0,0,0,0,0,0,0.02,0,0,0,0,0.4,0,0,0,0,3,14.2,3,0.2,0,0,0.6,0,0,0,0,0,0,0,0,29.2,0,0,4,1,0,1,0,4,7.4,0,0,7.02,28,0,0,0,0,18.2,0,0,0,0,0,0,0,0,0,0,0,0,0,0,0,2.2,17.42,0,34,1.6,15,64,33.02,0,18.6,0,17.2,27.6,0,19.4,0,1.4,0,0,3.42,0,5.6,0,0,0,4.4,0,17,0,0,0.02,0,40,0.02,0,32.02,9,4,0
LICA17,0,0,0,0,0,0,0,0,0,0,0,0,0.02,0,0.24,0,0,0,0,0,0,0,0,0.4,0.02,0,0,0,0,0,0,0,0,0,0,0,0.04,0,0,0,0,0,0,0,0,0,0,0,0,0,0,0.02,0.1,0,0,0,0,0,0,0,0,0,0,0,0,0,0,0,0,0,0,0.6,1.2,0,0,0,0.02,0,2,0.2,0.6,1.2,0,0,0.2,1.2,0,0,0,0,0,0.2,0,0,0,0,0,0,0,0,0,0,0,0,0,0,0,0,0,0,0,0,0,0,0,0,0,0,0,0,0,0,0,0,0,0,0,0,0,0,0,0,0,0,0,0,0.24,0,0,0.04,0,0.06,0,0,0,0,0,0,0,0.06,0,0,0,0,0,0,0,0,0,0,0.02,0,0.02,0,0,0,0,0,0,0,0,0,0,0,0,0,0,0,0,0.1,0.04,0,2.02,0.26,0,0,0,0,0.66,0,0,0.22,0,0,0,0,0,0,0.04,0,0,0.06,0.02,0,0,0.02,0.26,0.12,0,0.64,0,0,0,10,0.4,0.02,0,0,0,0.8,0.06,0,0,0,0.24,0.08,2.62,0.46,0,0.4,0,0,0,0.4,2.8,4.8,0.2,0,0,2.4,0,0,0,0,0,0,0,0,0,0,0,0.2,0,0,0.6,0,1.4,3.2,0,0.14,0,0,0,0,0,0,0,0,0,0,0,0,0,0,0,0,0,0,0,0,0,0,0,0,0,0,0,0,0,0,0,0,0,0.3,0,0,0,0,0,0,0,0,0,0,0,0,0,0.02,0,0.8,0,0,0,0,0,0,0,1.6,0,0,0
PLOD,0,0,0,0,0,0,0,0,0,0,0,0,0,15.4,0,0.02,0,0,0,0,0,0.02,0.4,0.02,0,0,0,0,0,0,0,0,0,0,0,0,0,0,0,0,0,0,0,0,0,0,0,0,0,0,0,0,0,0,0,0,0,0,0,0,0,0,0,0,0.6,0,0,0,0,0,0,0,0,0,0,0,0,0,0,0,0,0,0,0,0,0,0,0,0,0,0,0,0,0,0,0,0,0,0,0,0,0,0,0,0,0,0,0,0,0,0,0,0,0,0,0,0,0,0,0,0,0,0,0,0,0,0,0,0,0,0,0,0,0,0,0,0.02,0,0,0.02,0.02,0,0.06,0,0.1,0,0.06,0.22,0,0.04,0,0,0,0,0,0,0,0,0,0,0,0,0,0,0,0,0,0,0,0,0,0,0,0,0,0,0,0,0,0,0,0,0,0,0,0,0,0,0,0,0,0,0,0,0,9.8,0,0,0,0,0,0,0,0,0,0,0,0,0.22,0,0,0,0,0,0,0.04,0,0,0,0,0,0,0,0,0,0,0,0,0,0,0,0,0,0,0,0,0,0,0,0,0,0,0,0,0,0,0,0,0,0,0,0,0,0,0,0,0,0,0,0,0,0,0,0,0,0,0,0,0,0,0,0,0,0,0,0,0,0,0,0,0,0,0,0,0,0,0,0.02,0,0,0,0,0,0,0.02,0,0,0,0,0,0,0,0,0,0,0,0,0.6,0,0,0,0,0,0,0,0,0,0,0,0,0
SPCY,0,0,0,0,0,0,0,0,0,0,0,0,0,1.4,0,10.02,0.6,34.4,0,0,0,28,9.4,22,0,0,0,0,0,0,0,0,0,0,0,0,0,0,0,0,0,0,0,0,0,0,0,0,0,0,0,0,0,0,0,0,0,0,0,0,0,0,0,0,0,0,0,0,0,0,0,0,0,0,0,0,0,0,0,0,0,0,0,0,0,0,0,0,0,0,0,1,0,0,0,0,0,0,0,0,100,0,0,0,0,0,0,7,0,0,0,0,0,0,0,0,0,0,0,0,0,0,0,0,0,0,0,0,0,0,0,0,0,0,0,0,0,0,0,1,0,0,0,0,0,0,0,0,0,1,0,0,0,0,0,0,0,0,0,0,0,0,0,0,0,0,0,0,0,0,0,0,0,0,0,0,0,0,0,0,0,13,0,0,0,0,0,0,0,0,0,0,0,0,0,0,0,0,5.2,0,38,0,0,0,0,0,0,0,0,0,0,0,0,0,0,3.22,0,0,0,0,0,0,0,0,0,0,0,0,0,0,0,0,0,0,0,0,0,0,0,0,0,0,0,0,0,0,0,0,0,0,0,0,0,0,0,0,0,0,0,0,0,0,0,0,0,0,0,0,0,0,0,0,0,0,0,0,0,0,0,0,0,0,0,0,0,0,0,0,0,0,0,0,0,0,0,0,0,3,0,0,40.2,18,0,0,0,0,0,0,0,0,0,0,0,0,0,0,0,0,0,0,0
AVGE,0,0,0,0,0,0,0,0,0,0,0,0,0,0,0,0,0,0,0,0,0,0,0,0,0,0,0,0,4.2,49,0,0,17.42,0,6.4,0,0,0,0,0,0,0,25,0,5.6,3.4,40.8,8,13.4,0,36,0,0,44,12,19.2,24,0,25.4,0,0,0,0,0,0,0,0,0,0,0,0,0,0,0,0,0,0,0,0,0,0,0,0,0,0,0,0,0,0,0,0,0,0,0,0,1.6,0,0,0.8,20,0,7.6,0,0,0,0,0,0,0,0,0,0,0,0,0,0,0,0,0,6.26,0,0,0,0,0,0,52,0,0,0,0,0,0,0,0,0,0,0,0,0,0,0,0,0,0,0,0,0,0,0,0,0,0,0,0,0,0,0,0,0,0,0,0,0,0,0,0,0,0,0,0,0,0,0,0,0,0,0,0,0,0,0,0,0,0,0,0,0,0,0,0,0,0,0,0,0,0,0,0,0,0,0,0,0,0,0,0,0,0,0,0,0,0,0,0,0,0,0,0,0,0,0,0,0,0,0,0,0,0,0,0,0,0,0,0,0,0,0,0,0,0,0,0,0,0,0,0,0,0,0,0,0,0,0,0,0,0,0,0,0,0,0,0,0,0,0,0,0,78,85,0,0,0,0,0,0,0,0,11,0,0,0,0,0,0,0,0,0,0,0,0,0,0,0,0,0,0,0,0,0,0,0,0,0,0,0,0,0,0,0,0,0,0,0,0,0,0,0,0,0,0
BAMA5,0,0,0,0,0,0,0,0,0,0,0,0,0,0,0,0,0,0,0,0,0,0,0,0,0,0,0,0,0,5.6,0,0,0,0,0,0,0,0,0,0,0,49,81,0,0,0.4,0.8,0,0,0,46,7.2,3.42,0.02,0,0.4,0,0.2,0.02,0,0,0,0,0,0,0,0,0,0,2.6,0,0,0,0,0,0,34,0,0,0,5,0,0.2,0,8,17.2,0,0,0,0,0,0,0,0,0,0,0,0,0,18,0,17.4,28,0,0,0,0,0,0,0,0,0,0,0,0,0,0,0,0,50,0,0,0,0,0,0,62,0,0,0,0,0,0,0,0,0,0,0,0,0,0,0,0,0,0,0,0,0,0,0,0,0,0,0,0,0,0,0,0,0,0,0,0,0,0,0,7,0,0,0,0,0,0,0,0,0,0,0,0,0,0,0,0,0,0,0,0,0,0,0,0,0,0,0,0,0,0,0,0,0,0,0,0,0,0,0,0,0,0,0,0,0,0,0,0,0,0,0,0,0,0,0,0,0,0,0,0,0,0,0.2,0,0,0,0,0.6,13.8,0.4,0,0,0,0,0,0,0,0,0,1,0,0,0,0,0,4,0,2,0,0,26,0,0,0.04,0.02,0.02,0,0,0,0.8,0,0.02,5.2,0.2,26.6,0,0,0,0,86,81.6,0,0,40,52,0,0,42.8,0,0,0,0,0.02,42.6,0,0.2,31.92,0,20.42,0,0,0,0,0,0,0,0,0,0,0,0,0,0,0,0,0,0,0,0,0,0,0,0,0
BOFR,0,0,0,0,0,0,0,0,0,0,0,0,0,0,0,0,0,0,0,0,0,0,0,0,0,0,0,0,0,0,0,0,0,0,0,0,0,0.02,0,0,0,1.22,0,0,0,0,0,0,0,0,0,0.04,0.02,0,0.02,0,0,0,0,0,0,0,0,0,0,0,0,0,0,16,0.2,18,28,0,0,0,0,0,0,1.4,8,22.6,9,0,0.2,29,0,0,0,0,0,0,0,0,0,1,0,0,0.4,32,0,0,57,0,0,0,0,0,0,0,0,0,0,0,0,0,0,0,0,0,0,0,0,0,0,0,56,0,0,0,0,0,0,0,0,0,0,0,0,0,0,0,0,0,0,0,0,0,0,0,0,0,0,0,0,0,0,0,0,0,0,0,0,0,0,0,2.2,0,0,0,0,0,0,0,0,8,0,0,0,0.02,0,0,6.6,51,0,0,0,0,13.8,0.06,0,0,0,0,0,0,59.6,0,0,1.24,0,0,0,0,0,0,0,0,0,0,0,0,0,0,0,0,0,0,0,0,0,0,0,0,0,0,0,0,0,0,0,0,7.6,34,7.4,10,3,0,0,51,0,0,0,0,0,0,0,0,0,0,0,23,3,0,17,0,6,52,0,46,0.9,8.2,0.24,0,20.6,0,12.42,0,0,0,0,1.4,0,0,0,0.02,1.1,1.02,0,6.4,0.2,0,0,8.42,0,0,0,0.62,0,0.18,0,0,0,3.6,0,3.62,0,0,0,0,0,0,0,0,0,0,0,0,0,0.82,0,0,0,0,0,0,0,0,0,0,0
SYTE6,0,0,0,0,0,0,0,0,0,0,0,0,0,0,0,0,0,0,0,0,0,0,0,0,0,0,0,0,0,0,0,0,0,0,0,0,0,0,0,0,0,0,0,0,0,0,0,0,0,0,0,0,0,0,0,0,0,0,0,0,0,0,0,0,0,0.2,0,0,0,0,0,0,0,0,0,0,0,0,0,0,0,0,0,0,0,0,0,0,0,0,0,0,0,0,0,0,0,0,0,0,0,0,0,0,0,0,0,0,0,0,0,0,0,0,0,0,0,0,0,0,0,0,0,0,0,0,0,0,0,0,0,0,0,0,0,0,0,0,0,0,0,0.02,0,0,0,0,0,0,0.06,0.08,0,0,0,0,0,0,0,0.02,0,0,0,0,0.08,0,0,0,0,0,0,0,0,0,0,0,0,0,0,0,0,0,0,0,0,0,0,0,0,0,0,0,0,0,0,0,0,0,0,0,0,0,0,0,0,0,0,0,0,0,0.02,0,0,0,0.46,0,0,0.04,0,0.08,0,0,0,0,0,0,0,0.24,0.06,0.08,0,0,0,0,0,0,0,0,0,0,0,0,0,0,0,0,0,0,0,0,0,0,0,0,0,0,0,0,0,0,0,0,4.22,0,0,0,0,0,0,0,0,0,0,0,0,0,0,0,0.2,0.4,0,0,0,0,0.07,0,0,27,0,0,2.02,0,0,9.6,0,0,4.08,0.04,1.42,0,0,0,0,0,0,0,0,0,0,0,0,0,0,0,0,0,0,0,0,1.6,0,0,0
ACER,0.2,0,0,0,0,21,17,21.4,15.6,2.8,7.4,0,0,0,0,0,0,0,0,0,0,0,0,0,0,0,0,0,0,0,0,0,0,0,0,0,0,0,0,0,0,0,0,0,0,0,0,0,0,0,0,0,0,0,0,0,0,0,0,0,0,0,0,0,0,0,0,0,0,0,0,0,0,0,0,0,0,0,0,0,0,0,0,0,0,0,0,0,0,0,0,0,0,0,0,0,0,0,0,0,0,0,0,0,0,0,0,0,0,0,0,0,0,0,0,0,0,0,0,0,0,0,0,0,0,0,0,0,0,0,0,0,0,0,0,0.02,0,0,0,0,0,0,0,0,0,0,0,0.2,0,0,0,0,0.2,0,0,0,0,0,0,0.02,0,0,0,0,0,0,0,0,0,0,0,0,0.6,0,0,0,0,3.25,0,0,0,0,0,0,0,0,0,0,0,0,0,0,0,0,0,0,0,1.04,0,0,0,0,0,0,0,0,0,0,0,0,0,0,0,0,0,0,0,0,0,0,0,0,0,0,0,0,0,0,0,0,0,0,0,0,0,0,0,0,0,0,0,0,0,0,0,0,0,0,0,0,0,0,0,0,0,0,0,0,0,0,0,0,0,0,0,0,0,0,0,0,0,0,0,0,0,0,0,0,0,0,0,0,0,0,0,0,0,0,0,0,0,0,0,0,0,0,0,0,0,0,29.2,0,0,0,0,30,0,0,0,0,0,0,0,0,0,0,0,0,0,0,0
CLADI,9,0,0,20.6,13,82,89,6.2,86,63,0,28,0,0,0,0,0,0,0,0,0,0,0,0,0,0,0,23.2,0,0,0,0,0,0,0,0,41,0,0,0,0,0,0,41,0,0,0,0,0,0,0,0,0,0,0,0,0,0,0,0,0,0,0,0,0,0,0,0,0,0,0,0,0,0,0,0,0,0,0,0,0,0,0,0,0,0,0,0,0,0,0,0,0,0,0,0,0,0,0,0,0,0,0,0,0,0,0,0,0,0,0,0,0,0,0,0,0,0,0,0,0,0,0,0,0,0,0,0,0,0,0,0,0,0,0,0,0,0,0,0,0,0,0,0,0,0,0,0,0,0,0,0,0,0,0,0,0,0,0,0,0,0,0,0,0,0,0,0.2,80,0,0,0,0,0,0,0,0,0,0,4.02,16.4,0,0,0,0,0,0,0,0,0,0.4,0,2.4,0,23.4,0,0,87.6,0,0,0.22,0,0,0,0,0,0,0,0,0,0,0,0,0,0,0.22,0,0,0,0,0,0,0,0,0,0,0,0,0,0,0,0,0,0,0,0,0,0,0,0,0,0,0,0,0,0,0,0,0,0,0,0,0,0,0,0,0,0,0,0,0,0,0,0,0,0,0,0,0,0,0,0,0,0,0,0,0,0,0,0,0,0,0,0,0,0,0,0,0,0,0,0,0,0,0,0,0,0,0,0,0,0,0,0,0,0,0,0,0,0,0,0,0,0,0,0,0,0,0,0,0
CYPER,0.8,0,0.6,1,0,2,2.6,1.8,0.8,8.2,0,0,0,0,0,0,0,0.82,0,0,0,0.02,0,0,0,0,0,0,0,0.6,0,0,0,0,0,0,0,0,0,0,0,0,0,0.02,0,0,0,0,0,0,0,0,0,0,0,0,0,0,0,0,0.4,0,0,0,0,0,0,0,0,0,0,0,0.2,0.4,0,0,0,0,0,0,0,0,1,0,0,0,0,0,0,0,0,0,0,0,0,0,0,0,0,0,0,0,0,0,0,0,0,0,0,0,0,0,0,0,0,0,0,0,0,0,0,1,0,0,0,0,0,0,0,0,0,0,0,0,0,0,0,0,0,0,0,0,0,0,0,0,0,0,0,0,0,0,0,0,0,0,0,0,0,0,0,0,0,0,0,0,0,0,0,0,0,0,0,0,0,0,0,0,0,0,0,0,0,0,0,0,0,0,0,0,0,0,0,0,0,0.2,0,0,0,0,0,0,0,0,0,0,0,0,0,0,0,0,0,0,0,0,0,0,0,0,0,0,0,0,0,0,0,0,0,0,0,0,0,0,0,0,0,0,0,0,0,0,0,0,0,0,0,0,0,0,0,0,0,0,0,0,0,0,0,0,0,0,0,0,0,0,0,0,0,0,0,0,0,0,0,0,0,0,0,0,0,0,0,0,0,0,0.12,0,0,0,0,0,0,0,0,0,0,0,0,0,0,0,0,0,0,0,0,0,0,0,0,0,0,0,0,0,0,0,0,0,0
DICHA2,0,0,0,0,0,0,0,0.6,0,0,0,0,0,0,0,0,0,0,0,0,0,0,0,0,0,0,0,0,0,0,0,0,0,0,0,0,0.02,0,0,0,0,0,0,0,0,0,0,0,0,0,0,0,0,0,0,0,0,0,0,0,0.6,0,0,2,0.2,0,0,0,0,0,0,0,0,1.4,0,0,0,0,0,1.6,0,0,1.4,0,0,0.2,0,0,0,0,0,0,0,0,0,0,0,0,0,0,0,0,0,0,0,0,0,0,0,0,0,0,0,0,0,0,0,0,0,0,0,0,0,0,0,0,0,0,0,0,0,0,0,0,0,0,0,0,0.06,0,0,0,0,0,0,0,0,0,0,0,0,0,0,0,0,0,0,0,0,0,0,0,0,0,0,0,0,0,0,0,0,0,0,0.2,0,0,0,0,0,0.04,0.08,0,0,0,0,0,0,0,0,0,0,0,0,0,0.08,0.02,0,0,0,0,0,0,0,0,0,0,0,0,0,0,0,0,0,0,0,0,0,0,0,0,0,0,0,0,0,0,0,0,0,0,0,0,0,0,0,0,0,0,0,0,0,0,0,0,0,0,0,0,0,0,0,0,0,0,0,0,0,0,0,0,0,0,0,0,0,0,0,0,0,0,0,0,0,0,0,0,0,0,0,0,0,0,0,0,0,0,0.02,0,0,0,0,0,0,0,0,0,0,0,0,1,0,0,0,0,0,0.6,0,0,0,0,0,0,0,0,0,0,0,0,0,0,0
ELEOC,0,0,0.4,0,0,0,0,0,0,0,0,0,0,0,0,0,0,0,0,0,0,0,0,0,0,0,0,0,0,0.6,0,0,0,0,0,0,0.02,0,0,0,0,0,0,0.02,0,0,0,0,0,0,0,0,0,0,0,0,0,0,0,0,0,0,0,0,0,0,0,0,0,0,0,0,0,0,0,0,0,0,0,0,0,0,0,0,0,0,0,0,0,0,0,0,0,0,0,0,0,0,0,0,0,0,0,0,0,0,0,0,0,0,0,0,0,0,0,0,0,0,0,0,0,0,0,0,0,0,0,0,0,0,0,0,0,0,0,0,0,0,0,0,0,0,0,0,0.22,0,0,0.62,0,0.2,0,0,0.2,0,0,0.4,0,0,0,0,0,0,0,0,0,0,0,0,0,0,0,0,0,0,0,0,0,0,0,0,0,0,0,0,0,0,0,0,0.66,0,0,0,0,0,0,0,0,0,5,0,0,0,0,0,0,0,0,0,0,0,0,0,0.2,0,0,0,0,0,0,0,0,0,0,0,0,0,0,0,0,0,0,0,0,0,0,0,0,0,0,0,0,0,0,0,0,0,0,0,0,0,0,0,0,0,0,0,0.4,0,0,0,0,0,0,0,0,0,0,0,0,0,0,0,0,0,0,0,0,0,0,0,0,0,0,0,0,0.02,0,0,0.02,0,0,0,0,0,0.2,0,0,3.02,0,0,0,0,0,0,0,0,1,0,9.4,0,0,0,0,0.4,0,0,0,0,0,0,0
EUPAT,0.2,0,0,0.4,0,0,0,0,0,0,0,0,0,0,0,0,0,0,0,0,0,0,0,0,0,0,0,0,0,0,0,0,0,0,0,0,0,0,0,0,0,0,0,0,0,0,0,0,0,0,0,0,0,0,0,0,0,0,0,0,0,0,0,1.8,0,0,0,0,0,0,0,0.2,3.4,0.4,0,0,0,0,0,0,0,0,0,0,0,0,0,0,0,0,0,0,0,0,0,0,0,0,0,0,0,0,0,0,0,0,0,0,0,0,0,0,0,0,0,0,0,0,0,0,0,0,0,0,0,0,0,0,0,0,0,0,0,0,0,0,0,0,0.02,0,0,0,0,0,0,0,0,0,0,0,0,0,0,0,0,0,0,0,0,0,0,0,0,0,0,0,0,0,0,0,0,0,0.2,0,0,0,0,0,0,0,0.14,0,0,0,0,0,0,0,0,0,0,0,0,0,0.06,0.4,0,0,0,0,0,0,0,0,0,0,0,0,0,0,0,0,0,0,0,0,0,0,0,0,0,0,0,0,0,0,0,0,0,0,0,0,0,0,0,0,0,0,0,0,0,0,0,0,0,0,0,0,0,0,0,0,0,0,0,0,0,0,2.4,0,0,0,0,0,0,0,0,0,0,0,0,0,0,0,0,0,0,0,0,0,0,0,0,0,0,0,6.4,0,0,0,0,0,0,0,0,0,0,0,0,3,0,0,0,0,0,0.6,0,0,0,0,0,0,0,0,0,0,0,0,0,0,0
RUBUS,0,0,0,0,0,0,1.2,2.6,0.8,0.2,0,0,0,0,0,0,0,0,0,0,0,0,0,0,0,0,0,0,0,0,0,0,0,0,0,0,0,0,0,0,0,0,0,0.02,0,0,0,0,0,0,0,0,0,0,0,0,0,0,0,0,0,0,0,0,0,0,0,0,0,0,0,0,0,0,0,0,0,0,0,0,0,0,0,0,0,0,0,0,0,0,0,0,0,0,0,0,0,0,0,0,0,0,0,0,0,0,0,0,0,0,0,0,0,0,0,0,0,0,0,0,0,0,0,0,0,0,0,0,0,0,0,0,0,0,0.1,0,0,0.02,0.64,0,0,0,0,0,0,0,0,0.02,0,0,0,0,0,0,0,0,0,0,0,0,0,0,0,0,0,0,0,0,0,0,0,0,0,0,0,0,0,2,0,0.06,3.8,0,0,0,0,0,0,0,0.04,0,0,0,0.02,0,4.2,1.8,0,0,0,0,0,0,0,0,0,0,0,0,0,0,0,0,0,0,0,0,0,0,0,0,0,0,0,0,0,0,0,0,0,0,0,0,0,0,0,0,0,0,0,0,0,0,0,0,0,0,0,0,0,0,0,0,0,0,0,0,0,0,0.4,0,0,0,0,0,0,0,0.02,0,0,0,0,0,0,0,0,0,0,0,0,0,0,0,0,0,0,0,17.32,0.02,0,4.62,0,0,0,0,0,0,0,0,0,6.4,0.8,0,0,0,0,0.24,0.2,0,0.02,0,0.2,0,0,0,0,0,0,0,0,0,0
SABAL,0,0,0,0,0,0.2,0,12.4,0,0.2,71,0.2,0,0,0,0,0,0,0,0,0,0,0,0,0,0,0,0,0,0,0,0,0,0,0,0,12.6,0.02,0,0,0,0,0,0.2,0,0,0,0,0,0,0,0,0,0,0,0,0,0,0,0,21,0,0,0,0,0,0,0,0,0,0,2,0.2,30,0,0,0,0,0,14,7,0,0,0,0,2,0,0,0,0,0,0,0,0,0,0,0,0,0,0,0,0,0,0,0,0,0,0,0,0,0,0,0,0,0,0,0,0,0,0,0,0,0,0,0,0,0,0,0,0,0,0,0,0,0,0,0,0,0,0,0,0,0,0,0,0,0,0,0,0,0,0,0,0,0,0,0,0,0,0,0,0,0,0,0,0,0,0,0,0,0,0,0,0,0,0,0,0,0,0,0,0,0,0,0,0,0,0,0,0,0,0,0,0,0,0,0,0,0,0,0,0,0,0,0,0,0,0,0,0,0,0,0,0,0,0,0,0,0,0,0,0,0,0,0,0,0,0,0,0,0,0,0,0,3,0,0,0,0,0,0,0,0,0,0,0,0,0,0,0,0,0,0,0,0,0,0,0,1.4,0,0,0,0,0,0,0,0,0,0,0,0,0,0,0,0,0,0,0,0,0,0,0,0,0.2,0,0,0,0.02,0,0,0,0,0,0,0,0,0,0,0,0,0,0,0,0,0,0,0,0,0,0,0,0,0,0,0,0,0,0,0,0,0
