"","ELEV","NADP_NH4_1000","NADP_NO3_1000","NADP_SN_1000","NADP_TOTALN_1000","DEVELOPED","TOT_N","TOT_C","TOT_S","PH_CACL2","CA_MG_ratio"
"1",0.807367030911749,0.432515257951299,0.569155734614448,0.608915588226723,0.505793690636372,1.36767306134256,1.04330702691998,0.963205345456427,-0.517173933780712,-1.08049129423018,-0.104324410008977
"2",0.501127422689483,0.44559951340192,0.579687393817137,0.621557149257603,0.517801826552757,-0.508482572852271,-0.0288800387319971,-0.133991833995203,0.017579716634201,-1.15381914098979,-0.235269417822767
"3",1.49535738363027,0.446137181611594,0.580116834792173,0.622070491670115,0.51828857979941,-0.518828928988979,2.04848240096871,1.90953791273346,0.294176432366053,-0.787179907191751,-0.211432227134944
"4",1.46179687861961,0.445090719966468,0.580339169481377,0.622554444641673,0.517855836159578,0.257814480563706,0.239166727680998,0.0717326371519779,-0.646252401122242,-0.56719636691293,-0.210299794355469
"5",-1.05803770593073,0.251649646307948,0.654267281049899,0.642103374889349,0.453683755048532,-0.518828928988979,2.33328209028252,1.67234969894024,0.257296870268472,-0.200557133114895,NA
"6",-1.05803770593073,0.253750535053159,0.65968524240091,0.646859810506903,0.457445090753143,-0.518828928988979,1.91445901776221,1.25606018085418,0.340275884988028,-0.273884979874502,-0.0685704241773184
"7",-1.05803770593073,0.250454828064227,0.651172869485096,0.639385389332058,0.451530038628413,-0.518828928988979,1.86420024905978,1.65056710787759,1.23460526585435,-0.273884979874502,-0.018753804709857
"8",-1.05803770593073,0.251023362411864,0.652640887569973,0.640675977844691,0.452550886875844,-0.518828928988979,1.91445901776221,1.48921458148765,0.377155447085608,-0.347212826634109,-0.0674709478674675
"9",-1.05803770593073,0.247956662252979,0.646579983028676,0.635186155419139,0.447970072075158,-0.518828928988979,1.36161256203541,0.836543612240319,0.718291396488225,-0.787179907191751,-0.10942202963457
"10",-1.05803770593073,0.263170681223033,0.692636766181185,0.674049496779373,0.478614856270901,-0.518828928988979,0.0213787299704394,-0.157387950321745,-0.775330868463773,-0.0539014395956808,-0.108010265613946
"11",-1.05803770593073,0.263189599178559,0.691101438553412,0.672817535606289,0.477868056769188,-0.518828928988979,2.88612854600932,1.68283761315558,-0.194477765426885,-4.01360516461446,0.0837176194436393
"12",0.642361214609341,0.953606360176232,0.883829370492705,0.914483628412343,0.932548931963979,-0.368634871002669,-0.229915113541743,0.349258982542684,1.11474668903721,-0.0539014395956808,-0.255307186954736
"13",0.617190835851346,1.61389179643099,1.26967447236143,1.29440529702259,1.46644389716191,-0.425390800725809,-0.380691419649053,-0.522851422594971,-0.692351853744218,-0.200557133114895,-0.17529545378577
"14",0.0914095906843501,0.810596573221459,0.772634614764959,0.808599495241722,0.803192589702959,1.45441039621113,0.00462580706962726,-0.23161011246112,-0.323556232768416,-0.493868520153323,-0.22115835504468
"15",0.526297801447477,1.62150975841658,1.27081051125284,1.2976757131444,1.47095136558296,-0.464463880378997,-0.481208957053926,-0.592233008942648,0.109778621878151,0.679377028000389,-0.181156308891333
"16",0.555663243331804,1.61360404437062,1.26481935279898,1.29038210155914,1.46389677743285,-0.373480799760467,0.456954725391556,0.493669493661685,-0.120718641231725,-0.127229286355288,-0.191080847168646
"17",0.0522556681719143,0.79759197232042,0.758499610756838,0.792086310438378,0.789444144233475,3.02764604770171,0.624483954399677,1.60458163785646,2.79276676447711,0.386065640961961,-0.254130036476804
"18",1.51213763613559,1.89691436791253,1.42688641739292,1.46620058973445,1.69107785335086,-0.417836411711717,-0.0958917303352458,-0.328421628295087,-0.673912072695428,-0.0539014395956808,0.0708413593735003
"19",0.736050957764098,1.08857004194141,0.943929482665048,0.961715896615102,1.03249404277762,-0.288226615523078,-0.732502800566108,-0.723735317950453,-0.858309883183329,-0.713852060432144,-0.206004964671267
"20",0.650751340862005,1.58915009764912,1.27226299636628,1.29387718656265,1.4548958430814,-0.0911851151545221,-0.414197265450677,-0.64628610528328,-0.793770649512563,1.04601626179842,-0.104618827913828
"21",0.545874762703695,1.63763880902495,1.27612491946093,1.30449014289822,1.48195332252784,-0.505847678168691,-0.0456329616328093,-0.371180047788423,-0.600152948500267,0.0194264071639259,-0.0742968629728777
"22",0.308154518878192,0.966201735828797,0.895040521053768,0.925815051966123,0.944644416750654,1.21038471548549,0.306178419284246,0.511418271564579,-0.305116451719626,-0.640524213672537,-0.240171866735883
"23",0.323536417008077,0.961391596715948,0.887066929049187,0.915754672848972,0.938203271048378,2.49454797364252,0.071637498672876,-0.00975038867494459,0.367935556561213,-0.56719636691293,-0.265348890995556
"24",-1.04405416217629,-0.289891765840149,0.531812643870305,0.269304343862806,0.114024005608217,-0.518828928988979,-0.90003202957423,-0.894768995923796,-0.932069007378489,1.04601626179842,-0.00689248381245988
"25",-0.487509120749523,0.461897829928151,0.726510522069553,0.681494675167161,0.598750225041572,-0.518828928988979,0.239166727680998,0.110457243485565,0.017579716634201,-0.56719636691293,-0.183779222729988
"26",-0.669295189557261,-1.5458140102275,-1.68177893296442,-1.6624257244547,-1.63422696004947,-0.518828928988979,0.071637498672876,-0.225962774037472,-0.498734152731922,1.26599980207724,-0.165261227273142
"27",-0.63853139329749,-0.28782970868786,0.378949626273242,-0.0235538092413335,0.0379831467020877,4.44676670463088,0.624483954399677,0.468659852071244,0.183537746073312,0.239409947442747,-0.219436670482379
"28",-0.790952020220901,-0.355008364441104,0.175930948472576,-0.0288675932174184,-0.097073542826919,-0.285032206760058,-0.564973571557986,-0.558348978400759,0.266516760792867,0.0194264071639259,-0.253254960041845
"29",-0.992315050284857,-0.421719049715558,0.529909093449044,0.159656001122329,0.0427573292308966,-0.518828928988979,2.73535223990201,2.14672612652668,1.15162625113479,0.239409947442747,-0.138533961657079
"30",-0.859471384617664,-0.290041118120615,0.161503559119749,-0.0145247394354244,-0.0704428059528836,-0.441075541155586,-0.0791388074344336,0.146761561923303,4.50766640201459,-0.493868520153323,-0.254597891673423
"31",0.103994780063347,-1.5458140102275,-1.68177893296442,-1.6624257244547,-1.63422696004947,4.4003710488555,-0.933537875375854,-0.814092732728823,-0.885969554756514,1.63263903587528,1.20304266566766
"32",-0.735017845203136,-1.5458140102275,-1.68177893296442,-1.6624257244547,-1.63422696004947,-0.518828928988979,0.306178419284246,0.978533835463472,2.23957333301341,-1.22714698774939,-0.248798282147639
"33",0.526297801447477,-0.116871131648701,0.282693934251557,0.0825991551878351,0.0791044610504349,-0.153178118351308,-0.263420959343367,-0.234837162988919,-0.618592729549057,0.89936056827921,-0.0366748475932725
"34",-0.27356090130657,-0.410866117335087,0.42604529110366,0.0898292069741484,-0.00285745104784759,-0.399607061619416,-0.849773260871793,-0.828614460103918,-0.876749664232119,1.55931118911567,-0.143635306827284
"35",-0.582597218279724,-0.285132406502659,0.157047423725592,-0.0385271134610381,-0.0703821284933695,-0.303895992135458,-0.179656344839307,-0.334068966718735,-0.637032510597847,0.606049181240782,-0.222300052626706
"36",-0.563020257023507,-0.315161176012991,0.246358963810515,0.0305125843336082,-0.04153766452497,4.69762548833152,-0.213162190640931,-0.458310412038993,1.12396657956161,0.752704874759996,-0.262507830392134
"37",-0.287544445061011,-0.107491808435486,0.254908189462485,0.0690532382358627,0.0700688538649757,-0.518828928988979,-0.196409267740119,-0.0573493839599785,0.257296870268472,0.0927542539235326,-0.239223982078352
"38",-0.570012028900727,-0.289891765840149,0.531809598189631,0.269299421180331,0.114024005608217,-0.332060038433624,-0.313679728045804,-0.478479477837736,-0.747671196890588,0.16608210068314,-0.0867314171625975
"39",-0.831504297108781,-0.0102236465778542,0.411666328073551,0.191905266394329,0.197658215162121,-0.384133618866546,-0.782761569268544,0.0313945055544915,-0.397315356963576,1.92595042291371,1.12950870336248
"40",0.414429451411946,-0.10146793312339,0.331415992561901,0.126487910078067,0.111063479012139,-0.453997234589611,0.0213787299704394,0.106423430325816,-0.194477765426885,-0.127229286355288,-0.0634166287912887
"41",-0.767179995838351,0.0859193947669406,0.591620675266009,0.343300982482951,0.336556921413334,-0.116872333337503,1.57940055974597,1.91034467536541,2.35943190983054,-0.347212826634109,-0.221283791505474
"42",-0.502891018879409,-0.196416156224463,0.467353858085375,0.114799486942878,0.129039343089536,2.92145079960146,-0.112644653236058,0.672770797954525,1.29914449952511,-0.56719636691293,-0.135199905921953
"43",-0.749001388957577,-1.5458140102275,-1.68177893296442,-1.6624257244547,-1.63422696004947,-0.518828928988979,0.138649190276125,0.498510069453384,0.718291396488225,0.312737794202354,-0.260284710791436
"44",-1.05524099717984,-1.5458140102275,-1.68177893296442,-1.6624257244547,-1.63422696004947,2.05257550220206,-0.866526183772605,0.041882419769838,-0.738451306366193,2.07260611643292,1.12274653496339
"45",-0.862268093368552,-1.5458140102275,-1.68177893296442,-1.6624257244547,-1.63422696004947,-0.518828928988979,1.12707164142404,1.23669787768738,0.414035009183188,0.826032721519602,-0.201254780135368
"46",-0.613361014539496,-0.305373623233172,0.251957229457429,0.0387350137099794,-0.0336896019042887,-0.518828928988979,-0.296926805144992,-0.394576164114965,1.53886165315938,0.386065640961961,-0.247661260738072
"47",0.18929439696544,-0.0819635209765056,0.314704342703561,0.105834123589815,0.112516404114133,0.0873001473127632,2.50081131929064,1.84257661428163,1.61262077735454,-0.347212826634109,-0.238172372642028
"48",-0.160294196895595,-0.131399125810485,0.286833318855616,0.0864561575667706,0.0734834612295052,-0.283247111929323,-0.682244031863672,-0.693885100568314,-0.756891087414983,0.679377028000389,-0.226620146215385
"49",0.36828375702229,-0.2541856183084,0.310074603510985,0.0616325266065541,0.0214868791374607,-0.227881969182195,-0.833020337970981,-0.866532303805555,-0.922849116854094,0.89936056827921,0.0240604565433266
"50",-0.707050757694253,-0.0862250393791125,0.507441107116808,0.211732873265502,0.20578032652852,-0.518828928988979,1.3448596391346,1.07776563919329,0.423254899707583,0.386065640961961,-0.164507739547572
"51",-0.775570122091016,-0.179659826038138,0.428929550701956,0.112203683635621,0.118671498935842,-0.518828928988979,2.04848240096871,2.20804008655486,1.5019820910618,0.0927542539235326,-0.186711685789678
"52",0.706685515879771,-1.5458140102275,-1.68177893296442,-1.6624257244547,-1.63422696004947,4.41899416455015,-1.01730248987991,-0.788276328506432,-0.959728678951674,1.92595042291371,8.41312297806972
"53",-0.704254048943365,-1.5458140102275,-1.68177893296442,-1.6624257244547,-1.63422696004947,-0.518828928988979,1.32810671623379,1.08744679077668,0.118998512402546,1.19267195531764,-0.134525372598135
"54",-0.335088493826112,-0.306230905323042,0.251628295944635,0.0380799449714296,-0.0342890418614673,-0.44873024685974,-0.246668036442555,-0.117049818724258,1.71403957312289,-0.273884979874502,-0.24782620818287
"55",-0.978331506530416,-0.205607295564291,0.557350371753884,0.150573226659347,0.168866427230003,1.10149872070665,-0.732502800566108,-0.681783661089068,-0.784550758988168,-0.127229286355288,-0.144159421213977
"56",0.292772620748306,-1.5458140102275,-1.68177893296442,-1.6624257244547,-1.63422696004947,-0.184297349738084,-0.179656344839307,-0.219508672981874,-0.415755138012366,0.89936056827921,-0.256083435695643
"57",2.05469913380792,-1.5458140102275,-1.68177893296442,-1.6624257244547,-1.63422696004947,-0.401964142334301,-0.98379664407829,-0.879440505916751,-0.959728678951674,-0.933835600710965,0.89948412330584
"58",-0.568613674525283,-0.222682243948942,0.0326922818054116,0.0165316479270354,-0.0991212403892055,-0.485087365098729,-0.665491108962859,-0.680976898457118,1.56652132473257,-1.44713052802821,-0.234913223796143
"59",-0.0596126818636168,-0.0688593518884894,0.145139116858247,0.0990830972041216,0.0364495405824983,-0.518828928988979,-0.631985263161235,-0.655160494234727,1.25304504690314,-1.59378622154743,-0.260143030815128
"60",0.147343765702116,-0.125792441201822,0.12830868545362,0.0864366134907671,-0.00141652808070288,-0.376117321201184,-0.598479417359611,-0.825387409576119,-0.959728678951674,-0.273884979874502,-0.156675781688991
"61",0.764018045272981,-0.175109559893299,0.171310650890089,0.0805117716106149,-0.0058706536802062,-0.46174430394894,-0.782761569268544,-0.756812585860392,-0.932069007378489,-0.493868520153323,-0.136637666500284
"62",-0.27356090130657,-0.0766356272913773,0.199528882334872,0.160379542565377,0.0593736181440131,0.302059292278905,-0.883279106673418,-0.771334313235487,-0.830650211610144,1.33932764883685,-0.263484940686884
"63",-0.400811149471987,-0.0282066568277332,0.2146476412007,0.160697307340881,0.091919407142778,-0.407414320992782,-0.397444342549865,-0.584165382623151,1.54808154368378,-0.347212826634109,-0.234696196281098
"64",-0.462338741991529,-0.145068842200529,0.186154993927189,0.113117884921664,0.0171067667028596,-0.487772056625756,-0.481208957053926,-0.551894877345162,1.76935891626926,-1.59378622154743,-0.224917152829668
"65",0.0508573137964702,-0.0716183863496165,0.192535694939258,0.146237193991328,0.0584867937357289,-0.207725996388313,-0.950290798276666,-0.855237626958259,-0.959728678951674,-1.37380268126861,NA
"66",1.07864777974791,-0.0372872754800171,0.166342841142697,0.120905143301075,0.0633016501659702,-0.0622826114919403,-0.849773260871793,-0.812479207464923,-0.904409335805304,0.312737794202354,-0.198642400169814
"67",1.2366618241731,-0.21355283688504,0.0505859603333385,0.034560246555539,-0.0855521601571863,-0.518828928988979,-1.01730248987991,-0.943174753840779,-0.959728678951674,-0.127229286355288,-0.187451301869093
"68",2.57069189834681,-1.5458140102275,-1.68177893296442,-1.6624257244547,-1.63422696004947,-0.373689205424687,-0.916784952475042,-0.837488849055365,-0.959728678951674,-1.37380268126861,0.870107490193004
"69",-0.361657226959551,-0.201256165793405,0.198008783110469,0.0634218410266333,-0.00620404631489936,-0.518828928988979,-0.531467725756362,0.605002736870748,4.71972388407568,-1.66711406830703,-0.231562586714223
"70",-0.119741920007715,-0.203833986154234,0.0592018863920698,0.0415116266068183,-0.0762164996005032,-0.490261989173426,-0.330432650946616,-0.391349113587166,3.16156238545291,-1.44713052802821,-0.240863362127661
"71",0.892666647813841,-0.285121454002091,0.034391771621514,-0.0577876683741634,-0.130740197863523,-0.267354056210723,-0.883279106673418,-0.893155470659896,-0.876749664232119,0.679377028000389,-0.245399728839448
"72",0.447989956422605,-0.268365123815766,0.143622367882586,-0.00696722416255324,-0.0680083729343527,-0.498094644033196,-0.631985263161235,-0.55592869050491,0.847369863829755,-0.860507753951358,-0.241044932634072
"73",0.0704342750526882,-0.0807288754579934,0.196522490941548,0.159636457046325,0.0557463062785494,-0.425551578556098,-0.665491108962859,-0.420392568337356,-0.498734152731922,0.16608210068314,-0.132667851071852
"74",-0.102961667502385,-0.0362517663354585,0.201237204624929,0.148999185494639,0.0811181525639829,0.981812143048527,-0.581726494458799,-0.40829112885811,-0.941288897902884,-1.15381914098979,-0.247081482331891
"75",-0.118343565632271,-0.0620389310805788,0.203533952421206,0.155975032304397,0.0689093142815124,-0.275131672454053,-1.03405541278073,-0.939140940681031,-0.904409335805304,0.89936056827921,-0.313662022018228
"76",1.52891788864092,-0.0266723110664208,0.179070740679421,0.132119307287296,0.0750964147961515,0.886722404415183,-1.0005495669791,-0.864918778541656,-0.913629226329699,0.606049181240782,-0.369052306513212
"77",-0.389624314468433,-1.5458140102275,-1.68177893296442,-1.6624257244547,-1.63422696004947,-0.518828928988979,-1.03405541278073,-0.924619213305935,-0.959728678951674,-0.127229286355288,-0.279163717455204
"78",-0.894430244003767,-0.251905506826632,0.162627110720395,0.0118289218550177,-0.0500458445623444,-0.518828928988979,-0.464456034153113,-0.37844091147597,2.17503409934264,-1.59378622154743,-0.268861056669713
"79",0.243830217607761,-0.200200743011451,0.0646231979918228,0.0457890319352888,-0.0716423526525104,-0.446259022019135,-0.816267415070169,-0.816513020624672,-0.867529773707724,0.89936056827921,-0.246753663782724
"80",-0.19245634753081,-0.0833066958188226,0.128497213087342,0.0840511607564062,0.0207207428629355,-0.518828928988979,-0.967043721177478,-0.931073314361533,-0.950508788427279,0.459393487721567,-0.267267059993368
"81",-0.723831010199583,-0.25611823681762,0.16918172009895,0.0123764248485988,-0.0490056595421011,-0.518828928988979,-0.347185573847428,-0.528498761018619,0.810490301732175,-0.860507753951358,-0.232837422722712
"82",-0.914007205259985,-0.135321116695501,0.142059629128747,0.116466472459026,0.000403128919453414,-0.371055033744278,-0.313679728045804,-0.503489119428178,1.05020745536645,-0.493868520153323,-0.246667192488091
"83",-0.762984932712018,-0.0240148361560101,0.193948890772002,0.144619141992138,0.0838513053831987,-0.32681681943302,-0.464456034153113,-0.650319918443028,-0.341996013817206,0.386065640961961,-0.180539152832245
"84",-0.198049765032586,-0.0874985164905458,0.173485266891338,0.128325854930384,0.0408243187349445,-0.511044624966311,-0.615232340260423,-0.664841645818123,1.45588263843983,-1.00716344747057,-0.134240796452909
"85",-0.486110766374079,-0.163320686555246,0.0981534011001615,0.0678311224277283,-0.0358493193918323,-0.441142328573564,-0.414197265450677,-0.632571140540134,0.533893586000324,0.16608210068314,-0.239897720470478
"86",-0.497297601377632,-0.26191310529967,0.225282853546306,0.0313387639506863,-0.0242472557045035,-0.130951645224693,-0.112644653236058,-0.110595717668661,0.865809644878545,0.0927542539235326,-0.201032458951036
"87",-0.0791896431198348,-0.115766920455128,0.156137069772128,0.122684612356204,0.0175401771279608,-0.518828928988979,-0.397444342549865,-0.586585670519,0.404815118658793,0.0194264071639259,-0.245864953652337
"88",-0.838496068986002,-0.0926561485759438,0.116390632408118,0.0729445576266907,0.00987147974474441,-0.518828928988979,-0.732502800566108,-0.742290858485297,1.46510252896422,-1.66711406830703,-0.227443020960835
"89",-0.421786465103649,-1.5458140102275,-1.68177893296442,-1.6624257244547,-1.63422696004947,-0.518828928988979,-0.967043721177478,-0.938334178049081,-0.941288897902884,1.48598334235607,0.0892576294252034
"90",0.090011236308906,-1.5458140102275,-1.68177893296442,-1.6624257244547,-1.63422696004947,-0.518828928988979,-0.98379664407829,-0.954469430688075,-0.959728678951674,0.972688415038816,0.0345054817806755
"91",-0.360258872584106,0.870426101093947,0.96666274778399,0.913760082080832,0.930375878771048,-0.518828928988979,-0.665491108962859,-0.696305388464163,-0.876749664232119,-1.00716344747057,-0.160172999944688
"92",-0.377039125089436,1.00253416725663,0.834020004181737,0.860221803854291,0.932815646071734,-0.518828928988979,0.239166727680998,-0.173523202960739,-0.747671196890588,-0.273884979874502,-0.154242934079043
"93",-0.674888607059038,0.726829857517881,0.778204860149672,0.746907113689411,0.761719212732376,-0.518828928988979,-0.380691419649053,-0.474445664677988,0.0821189503049662,0.312737794202354,-0.157726329453795
"94",-0.749001388957577,0.759398611477991,0.81171983485464,0.775387393362977,0.795231173586482,-0.518828928988979,-0.196409267740119,-0.301798461440746,0.109778621878151,-0.0539014395956808,-0.13669167720286
"95",-0.123936983134047,0.99296466880629,0.722898649358234,0.793249798906965,0.872572263767914,-0.505881207440775,-0.883279106673418,-0.870566116965304,-0.876749664232119,-0.56719636691293,0.725182766640502
"96",-0.807732272726231,0.996550119219324,0.753060025073041,0.810071044886296,0.889394589329272,-0.120266200600495,-0.799514492169357,-0.82377388431222,-0.876749664232119,0.606049181240782,-0.226620146215385
"97",-1.01608707466741,1.00768084684146,0.77179400689893,0.826212760257063,0.904457268564717,-0.021064291053152,-0.414197265450677,-0.587392433150949,-0.729231415841798,0.0194264071639259,-0.199148784583358
"98",-1.0286722640464,0.967086897011021,0.708233392344767,0.772620479177192,0.851868581153457,-0.518828928988979,-0.631985263161235,-0.713247403735107,-0.498734152731922,1.48598334235607,-0.127299148576155
"99",-0.332291785075224,0.927458758594256,0.966494930778852,0.907366055276548,0.959201005966635,-0.518828928988979,2.93638731471176,2.8106917726213,0.85658975435415,0.239409947442747,0.111427652706457
"100",0.901056774066506,-1.5458140102275,-1.68177893296442,-1.6624257244547,-1.63422696004947,0.223697949153574,-1.05080833568154,-0.950435617528327,-0.950508788427279,-1.08049129423018,NA
"101",1.8799048368774,-1.5458140102275,-1.68177893296442,-1.6624257244547,-1.63422696004947,0.172779818164301,-0.51471480285555,0.120138395068961,-0.793770649512563,-0.640524213672537,0.107748035523295
"102",3.27965756669699,0.16539372592995,0.611268361294104,0.423809054128837,0.388325462943248,1.46274689390612,0.708248568903738,1.01725844179706,-0.0285197359877743,0.16608210068314,-0.111838402828668
"103",4.39973942142774,0.0966916769159601,0.519438043291767,0.479953132569945,0.307718458512359,2.77462168875127,-1.01730248987991,-0.894768995923796,-0.950508788427279,-0.347212826634109,NA
"104",4.46266536832273,-1.5458140102275,-1.68177893296442,-1.6624257244547,-1.63422696004947,-0.313901904153728,-0.98379664407829,-0.877020218020902,-0.959728678951674,-1.44713052802821,NA
"105",-0.897226952754656,1.14596114491484,1.03758416339112,1.05973937113088,1.10853356811321,-0.518828928988979,1.29460087043216,0.650988206891882,0.616872600719879,-0.56719636691293,-0.201977495837753
"106",-0.722432655824138,1.15078124084638,1.03979837324113,1.06179751192104,1.11214154320586,-0.212647569352943,1.44537717653947,2.56866298303638,0.948788659598101,-0.273884979874502,-0.15521124254698
"107",-0.923795685888094,0.875354726349298,0.858540779288261,0.904398782536713,0.87913343081868,-0.49291107279425,-1.03405541278073,-0.94075446594493,-0.941288897902884,0.386065640961961,-0.226620146215385
"108",-0.642726456423822,1.15133782701158,1.0400331952211,1.06201263852251,1.11255495007288,-0.36104704309189,2.65158762539795,2.63481751885626,1.12396657956161,-0.493868520153323,-0.171144959137975
"109",-0.697262277066144,1.14975469283865,1.03936588658542,1.06139650639361,1.11139474370415,-0.376199110934974,2.38354085898495,2.70581263046784,1.05942734589084,-0.347212826634109,-0.182018637042586
"110",-0.651116582676487,1.14810285661671,1.03867177595981,1.06075621059095,1.11018786236656,-0.0060974023973997,-0.548220648657174,-0.163842051377343,-0.683131963219823,-0.127229286355288,-0.181156308891333
"111",-1.06083441468162,1.08529424858987,1.00584847533591,1.03397737032239,1.06123182110292,-0.518828928988979,1.22758917882892,0.820408359601325,0.773610739634595,-0.860507753951358,-0.138174368754005
"112",-0.66230341768004,1.14932754531652,1.03918649599372,1.06123031819756,1.11108068784227,-0.456608360543925,2.19925870707602,2.46862441667462,0.69063172491504,-0.347212826634109,-0.185389783714681
"113",-0.114148502505938,-1.5458140102275,-1.68177893296442,-1.6624257244547,-1.63422696004947,-0.158777868290919,0.339684265085871,0.471080139967093,-0.157598203329305,-0.127229286355288,-0.1703742279163
"114",-0.818919107729784,0.854655495958692,0.840254817089521,0.884962189174121,0.859309237974544,-0.518828928988979,1.52914179104353,0.634852954252887,-0.20369765595128,0.972688415038816,-0.07988489904932
"115",-0.50009431012852,0.85582044374632,0.840437557929962,0.885157918353489,0.8600093625074,0.117069170276534,1.26109502463054,1.28833068613217,0.70907150596383,-0.273884979874502,-0.111979626292097
"116",-0.402209503847431,0.857572843837112,0.84109542495555,0.885700352010697,0.861242915255765,0.383890327624852,1.54589471394435,1.9345475543239,0.7643908491102,-1.15381914098979,-0.182353986585419
"117",-0.873454928372105,0.875236240206796,0.858492352965544,0.904335232514691,0.87904608194839,-0.518828928988979,0.356437187986683,0.104809905061917,0.0728990597805713,-0.0539014395956808,-0.193508339418377
"118",-0.814724044603452,1.14036541280674,1.0338471132041,1.05619058147029,1.1037660534371,-0.490343869282612,2.46730547348902,2.78326184313501,0.552333367049114,-0.200557133114895,-0.151220120834084
"119",-0.467932159493305,-1.5458140102275,-1.68177893296442,-1.6624257244547,-1.63422696004947,0.973608768312508,0.389943033788307,0.312147901472997,0.00835982610980595,-0.420540673393716,-0.178092374235342
"120",-0.00228015247040709,0.858248911826685,0.841387810300255,0.885939940482188,0.861749672060499,0.596948607629752,1.59615348264678,2.58560499830733,0.312616213414842,-1.08049129423018,-0.138531218467079
"121",-0.263772420678461,0.856527377873856,0.84028192364752,0.885064827348151,0.860303414811199,0.256780857154476,-0.90003202957423,-0.870566116965304,-0.913629226329699,-0.56719636691293,-0.235522156160558
"122",-0.55742683952173,0.819866371428999,0.809944203021687,0.854932335094325,0.826350708894029,-0.518828928988979,0.289425496383434,0.0055781013321002,0.441694680756373,-0.933835600710965,-0.229008489988765
"123",-0.526663043261959,1.14402952208749,1.03696010342101,1.05917724674377,1.1072073322124,0.0835006752704918,-0.967043721177478,-0.885894606972349,-0.959728678951674,0.0194264071639259,-0.219866897149643
"124",-0.484712411998635,-1.5458140102275,-1.68177893296442,-1.6624257244547,-1.63422696004947,-0.165941925967731,0.172155036077749,0.271003007243561,-0.305116451719626,0.386065640961961,-0.192469374272478
"125",-0.742009617080356,1.14887849279326,1.03899766379193,1.06105457794435,1.11074796199284,-0.256532506239467,1.2108362559281,2.32179361765977,0.524673695475929,-1.15381914098979,-0.174197197781258
"126",-0.358860518208662,0.855999666482879,0.84011776145919,0.884923105910577,0.85994335076573,0.194729290700789,1.32810671623379,2.28306901132618,-0.120718641231725,-0.0539014395956808,-0.105196729153152
"127",-0.546240004518177,0.775856237103385,0.853878146744406,0.951088621970726,0.824830438479827,-0.518828928988979,-0.246668036442555,-0.366339471996724,0.598432819671089,0.0927542539235326,-0.214455908753178
"128",-0.00228015247040709,-1.5458140102275,-1.68177893296442,-1.6624257244547,-1.63422696004947,-0.518828928988979,-0.883279106673418,-0.833455035895616,-0.535613714829502,0.972688415038816,-0.25987671165985
"129",0.382267300776731,0.744831785723286,0.832058890395737,0.918946917555232,0.797858974333135,2.87283941023124,0.289425496383434,0.372655098869226,-0.0746191886097496,-0.273884979874502,-0.111911387898572
"130",2.25326545512099,0.641090696030292,0.693276359122729,0.679808150463472,0.675203824029451,2.10555843987409,-0.497961879954738,-0.363919184100875,-0.295896561195231,0.459393487721567,-0.0744642516158874
"131",2.49098569894649,0.641090696030292,0.693276359122729,0.679808150463472,0.675203824029451,2.49974564344331,0.674742723102114,0.59854863581515,-0.590933057975872,-1.00716344747057,0.0632293008896188
"132",-0.231610270043246,-1.5458140102275,-1.68177893296442,-1.6624257244547,-1.63422696004947,-0.518828928988979,-1.01730248987991,-0.931880076993483,-0.941288897902884,-0.860507753951358,-0.128698035643421
"133",0.0914095906843501,-1.5458140102275,-1.68177893296442,-1.6624257244547,-1.63422696004947,-0.518828928988979,-1.03405541278073,-0.949628854896377,-0.959728678951674,-0.640524213672537,NA
"134",-0.5406465870164,0.616447569753535,0.410530593750209,0.522731956994766,0.522456654518346,0.357192983635718,-0.715749877665296,-0.606754736317743,-0.932069007378489,0.0927542539235326,-0.0592623574835415
"135",-0.347673683205109,0.507461227970603,0.333755075319547,0.439716103710588,0.427826489086985,-0.207725996388313,-0.581726494458799,-0.225962774037472,-0.876749664232119,-0.56719636691293,0.0181851299207593
"136",-0.586792281406057,-1.5458140102275,-1.68177893296442,-1.6624257244547,-1.63422696004947,-0.25423968243146,1.12707164142404,0.971272971775924,-0.314336342244021,-0.933835600710965,-0.182989028313811
"137",-1.05803770593073,-1.5458140102275,-1.68177893296442,-1.6624257244547,-1.63422696004947,1.70882490950981,-0.849773260871793,-0.91009748593084,-0.922849116854094,1.63263903587528,-0.103153137207798
"138",-0.631539621420269,1.08616049181657,0.653551241523437,0.787950631435945,0.886861472090872,-0.153702024524545,-1.01730248987991,-0.934300364889332,-0.932069007378489,1.92595042291371,1.27828807654109
"139",-0.951762773396977,1.01536751087607,0.538443090697644,0.67687504319317,0.793164139251383,-0.518828928988979,2.33328209028252,2.01845086804667,1.3268041710983,-0.0539014395956808,-0.170073575114838
"140",-0.423184819479093,1.03673583948316,0.564489447253784,0.702769218270533,0.817135069685835,-0.381425158610252,1.93121194066303,1.67638351209999,1.10552679851282,0.459393487721567,-0.228386497360802
"141",-1.05803770593073,-1.5458140102275,-1.68177893296442,-1.6624257244547,-1.63422696004947,-0.518828928988979,-0.263420959343367,-0.340523067774333,0.192757636597707,-0.127229286355288,-0.265901221638354
"142",-0.877649991498438,-1.5458140102275,-1.68177893296442,-1.6624257244547,-1.63422696004947,-0.059688747238349,-0.0791388074344336,-0.247745365100114,0.174317855548917,1.04601626179842,-0.227191120444621
"143",0.492737296436818,1.17627069671244,0.709357553081548,0.852097241511835,0.96126070566377,-0.0650069778180094,-1.01730248987991,-0.913324536458639,-0.932069007378489,1.70596688263489,0.687319550889528
"144",-0.198049765032586,-1.5458140102275,-1.68177893296442,-1.6624257244547,-1.63422696004947,-0.518828928988979,1.6129064055476,1.51906479886979,0.266516760792867,-0.0539014395956808,-0.178317759990041
"145",-0.495899247002188,1.03892534391478,0.567696549003525,0.70590267920642,0.819862888222896,-0.518828928988979,1.71342394295247,2.08137835333875,0.7643908491102,0.0194264071639259,-0.194396575997438
"146",-0.751798097708465,-1.5458140102275,-1.68177893296442,-1.6624257244547,-1.63422696004947,-0.518828928988979,0.64123687730049,0.86478030435856,0.183537746073312,0.386065640961961,-0.200480773419101
"147",-0.245593813797687,-1.5458140102275,-1.68177893296442,-1.6624257244547,-1.63422696004947,-0.518828928988979,1.14382456432485,1.85145100323308,0.911909097500521,-0.200557133114895,-0.211158760057296
"148",-1.05803770593073,-1.5458140102275,-1.68177893296442,-1.6624257244547,-1.63422696004947,-0.518828928988979,-0.648738186062047,-0.693885100568314,-0.406535247487971,0.16608210068314,-0.204089394917953
"149",-0.406404566973763,1.03971292827377,0.567614315625327,0.705956535405853,0.820229620121058,-0.101552257632414,-0.598479417359611,-0.559962503664659,-0.867529773707724,-0.640524213672537,-0.152199342133689
"150",-0.946169355895201,0.651476653613841,0.413518406491421,0.529150602099889,0.542186163854229,-0.518828928988979,-0.397444342549865,-0.578518044199502,-0.747671196890588,0.532721334481175,-0.191412196201581
"151",-0.788155311470013,-1.5458140102275,-1.68177893296442,-1.6624257244547,-1.63422696004947,-0.518828928988979,2.1657528612744,2.74373047416948,0.118998512402546,-1.08049129423018,-0.256388467378037
"152",-1.05803770593073,-1.5458140102275,-1.68177893296442,-1.6624257244547,-1.63422696004947,-0.518828928988979,0.540719339895616,0.1548291882428,0.165097965024522,-0.0539014395956808,-0.118450373202912
"153",-1.05803770593073,-1.5458140102275,-1.68177893296442,-1.6624257244547,-1.63422696004947,-0.513646894131773,-0.313679728045804,-0.440561634136099,-0.480294371683132,-0.347212826634109,-0.216366522080952
"154",-0.599377470785054,1.08343331917528,0.606215272487839,0.738406159231903,0.862157077860094,-0.153387789271078,0.172155036077749,0.705041303232514,0.275736651317262,-0.0539014395956808,-0.170298932080436
"155",-0.590987344532389,1.03926487143237,0.567660305403505,0.705927145964899,0.820022916687549,-0.443580927896049,-0.447703111252301,-0.537373149970066,-0.756891087414983,-0.127229286355288,-0.142686908666206
"156",-0.291739508187344,1.101922135815,0.557520929871629,0.70677779722892,0.847547145822562,-0.360911479997211,2.04848240096871,1.58441257205772,0.275736651317262,1.04601626179842,-0.213876857712433
"157",-0.370047353212215,1.00942329011355,0.52929051570415,0.669219665774847,0.785556119327681,-0.518828928988979,1.86420024905978,1.84176985164968,0.939568769073706,-0.493868520153323,-0.256971569456488
"158",-0.45255026136342,1.03232397311822,0.938115582826414,1.02967550312391,1.00092776133959,-0.363455728158149,0.1051433444745,0.788944616955286,0.561553257573509,-0.273884979874502,-0.205925267040697
"159",-0.0987666043760526,1.12155797796869,1.02088500082354,1.11854265624737,1.08814994242806,-0.000621376375532689,0.574225185697241,1.16086219028411,0.773610739634595,-0.860507753951358,-0.27784094230667
"160",0.898260065315618,-1.5458140102275,-1.68177893296442,-1.6624257244547,-1.63422696004947,0.511289722367048,-0.682244031863672,-0.739870570589448,-0.756891087414983,-0.347212826634109,-0.167866879989713
"161",1.10661486725679,-1.5458140102275,-1.68177893296442,-1.6624257244547,-1.63422696004947,-0.430607178233667,0.1051433444745,0.105616667693866,-0.0653992980853545,-0.713852060432144,-0.262696712742527
"162",0.495534005187706,1.23673845666345,1.12504118851363,1.19479778932326,1.19938372785242,-0.518828928988979,1.7636827116549,2.11284209598479,1.97219650780595,-0.127229286355288,-0.204859677264674
"163",0.819952220290746,-1.5458140102275,-1.68177893296442,-1.6624257244547,-1.63422696004947,0.498315882329269,0.373190110887495,1.12778492237417,2.22113355196462,-0.860507753951358,-0.0591808120627489
"164",1.23945853292399,-1.5458140102275,-1.68177893296442,-1.6624257244547,-1.63422696004947,0.582993923414271,-0.380691419649053,-0.531725811546418,-0.729231415841798,0.826032721519602,-0.160334409855326
"165",0.633971088356676,-1.5458140102275,-1.68177893296442,-1.6624257244547,-1.63422696004947,3.33812041942005,1.81394148035734,1.6473400573498,1.30836439004951,-0.640524213672537,-0.267687585321313
"166",0.289975911997418,1.24276133629368,1.12957925271792,1.19767226436555,1.20475068248571,-0.518828928988979,0.87577779791186,1.0487221844431,1.08708701746403,-1.15381914098979,-0.235761887112738
"167",0.0578490856736909,-1.5458140102275,-1.68177893296442,-1.6624257244547,-1.63422696004947,-0.518828928988979,-0.51471480285555,-0.521237897331072,-0.0285197359877743,-1.300474834509,-0.311360433905289
"168",0.501127422689483,-1.5458140102275,-1.68177893296442,-1.6624257244547,-1.63422696004947,0.555400597744704,-0.12939757613687,-0.429266957288803,-0.581713167451477,1.11934410855803,-0.146273799094479
"169",-0.585393927030613,-1.5458140102275,-1.68177893296442,-1.6624257244547,-1.63422696004947,1.92683666499428,1.41187133073785,1.35125817142425,1.3175842805739,-0.420540673393716,-0.214600825446921
"170",0.305357810127303,1.12445441652785,1.02377809289579,1.12090871155962,1.09108446439863,-0.0137212900913635,0.808766106308611,1.04791542181115,0.865809644878545,-1.22714698774939,-0.269452263173707
"171",0.00610997378225775,1.24025321366373,1.12850991423327,1.19645014855742,1.20291768978017,-0.518828928988979,0.825519029209424,1.43193443461922,1.59418099630575,-1.15381914098979,-0.232483745686014
"172",2.60005734023113,0.907166762088385,1.22569179774793,0.977833145227389,1.07718865938461,3.43363672992465,1.37836548493622,1.23105053926374,0.414035009183188,-1.59378622154743,-0.201881928949976
"173",-0.413396338850984,1.07127504786354,0.97116426382019,1.07413592956994,1.03744825732916,0.302765576002184,0.741754414705363,1.05598304813065,0.644532272293064,-0.860507753951358,-0.268650640659716
"174",0.176709207586443,0.76584067317539,1.39676433095881,1.22123469625409,1.087889896173,0.848063334453144,0.859024875011048,1.15682837712436,1.11474668903721,-0.493868520153323,-0.233647317696588
"175",0.769611462774757,0.526975596936186,1.14608988765178,1.04385693984996,0.839933124831436,4.58392899195028,2.36678793608414,1.92728669063635,0.994888112220076,-0.200557133114895,-0.175717903870716
"176",-0.722432655824138,-1.5458140102275,-1.68177893296442,-1.6624257244547,-1.63422696004947,-0.518828928988979,-0.263420959343367,-0.409904654122009,0.229637198695287,-1.15381914098979,-0.261264069573684
"177",-0.740611262704912,-1.5458140102275,-1.68177893296442,-1.6624257244547,-1.63422696004947,-0.518828928988979,0.976295335316733,0.990635274942717,1.30836439004951,-0.933835600710965,-0.271014885018356
"178",-0.663701772055485,-1.5458140102275,-1.68177893296442,-1.6624257244547,-1.63422696004947,0.345721634563966,0.121896267375312,0.0273606923947428,0.238857089219682,-1.22714698774939,-0.24352040867633
"179",-0.786756957094569,-1.5458140102275,-1.68177893296442,-1.6624257244547,-1.63422696004947,-0.511046884351223,0.507213494093992,0.502543882613132,0.635312381768669,-1.22714698774939,-0.260313775444705
"180",-0.596580762034166,0.0129359137129487,0.24267399476302,0.213243364408187,0.127152340777171,-0.513645357750033,-0.732502800566108,-0.685010711616867,-0.775330868463773,-0.200557133114895,-0.240411992510013
"181",0.386462363903063,-0.0392577299002878,0.142879221798125,0.115674600076914,0.0506320632623533,1.82471644352008,-0.849773260871793,-0.814899495360773,0.017579716634201,-0.420540673393716,-0.232817748016451
"182",0.155733891954781,-0.0159189468729269,0.269165325265634,0.244319295846651,0.125051967178603,-0.448890934314633,-0.833020337970981,-0.79311690429813,0.257296870268472,-1.66711406830703,-0.210740885089191
"183",0.8786831040594,-0.0388295866962877,0.143241353230266,0.115865259919909,0.0510328012092548,1.11988857750305,-0.967043721177478,-0.949628854896377,-0.932069007378489,0.972688415038816,-0.287968937857129
"184",-0.041434074982843,0.0158721795468945,0.292957878123,0.26478242738037,0.153403676832926,-0.518828928988979,-0.967043721177478,-0.916551586986438,-0.941288897902884,0.89936056827921,-0.215739911446263
"185",-0.118343565632271,-0.00641118069851255,0.192898435507533,0.163762442226168,0.0924801735543321,-0.518828928988979,-0.698996954764484,-0.699532438991962,-0.692351853744218,0.532721334481175,-0.337649940685357
"186",0.313747936379968,-0.137143214517176,0.424903160850903,0.368339735156179,0.13834166438275,1.14509427557373,-1.0005495669791,-0.924619213305935,-0.885969554756514,-0.200557133114895,-0.226620146215385
"187",0.551468180205472,-0.137143214517176,0.424903160850903,0.368339735156179,0.13834166438275,1.51772676633817,-0.698996954764484,-0.740677333221398,0.017579716634201,1.19267195531764,0.0805864745762827
"188",-1.05104593405351,0.867240914792559,0.395128586581697,0.576642002850141,0.645558550952519,1.73925963764385,-0.698996954764484,-0.76407344954794,-0.0469595170365644,1.48598334235607,1.16232768270555
"189",-1.0286722640464,-1.5458140102275,-1.68177893296442,-1.6624257244547,-1.63422696004947,-0.518828928988979,-0.481208957053926,-0.593846534206547,1.97219650780595,0.826032721519602,-0.229862599733139
"190",-0.714042529571474,-1.5458140102275,-1.68177893296442,-1.6624257244547,-1.63422696004947,-0.518828928988979,-1.01730248987991,-0.934300364889332,-0.941288897902884,1.63263903587528,-0.153878006966928
"191",0.706685515879771,0.0294443191137016,0.235927812070069,0.194804061541202,0.132333262320306,-0.472109910045092,-0.950290798276666,-0.880247268548701,-0.673912072695428,-0.713852060432144,-0.258501763610908
"192",-1.01049365716563,-0.00638031456054962,0.192876811174748,0.164793898191307,0.0924668378489446,-0.518828928988979,-0.313679728045804,-0.597880347366296,0.653752162817459,1.33932764883685,-0.203960484376528
"193",0.943007405329831,-0.0341697955457736,0.151656873500647,0.124517786068406,0.0576333085909137,0.354350767792674,-0.564973571557986,-0.627730564748436,2.49773026769647,-1.59378622154743,-0.222125360365172
"194",-0.700058985817032,0.250454828064227,0.437487913395948,0.540804713111649,0.345538518991973,-0.518828928988979,-0.414197265450677,-0.455890124143144,2.47929048664768,-1.59378622154743,-0.258076989834283
"195",-0.725229364575027,0.257504255702184,0.444127497265309,0.547350311606922,0.352479753646288,-0.518828928988979,-0.196409267740119,-0.488160629421133,1.11474668903721,1.04601626179842,-0.219334912175406
"196",-1.03007061842185,-1.5458140102275,-1.68177893296442,-1.6624257244547,-1.63422696004947,-0.518828928988979,-0.213162190640931,-0.363919184100875,1.58496110578136,-1.300474834509,-0.255367921381099
"197",0.018695163161255,-0.00713802846344306,0.199178324489292,0.168924659399727,0.0951673181899606,-0.251798914099459,-0.916784952475042,-0.923005688042036,-0.710791634793008,1.77929472939449,-0.240329241472198
"198",-0.641328102048378,0.0046010607811212,0.280476678720872,0.253133239051086,0.141368202720496,-0.518828928988979,-0.967043721177478,-0.901223096979394,-0.876749664232119,0.752704874759996,-0.181425325996596
"199",-0.20923660003614,0.867888108007908,0.39502503343878,0.576676168319674,0.645838600765661,0.574275589669264,-0.447703111252301,-0.485740341525284,0.414035009183188,1.63263903587528,1.39579460899243
"200",-0.901422015880988,0.0186013435519284,0.246355918129841,0.216699507913592,0.131913854385862,-0.518828928988979,-0.581726494458799,-0.655967256866676,1.61262077735454,-1.15381914098979,-0.204350234743623
"201",-0.374242416338548,-1.5458140102275,-1.68177893296442,-1.6624257244547,-1.63422696004947,-0.518828928988979,-0.51471480285555,-0.611595312109441,-0.443414809585551,0.606049181240782,-0.209909888292217
"202",-0.255382294425796,0.00727048387396904,0.281354139323057,0.253978962744167,0.143195194358615,-0.420454044694575,-0.98379664407829,-0.899609571715494,-0.922849116854094,0.532721334481175,-0.169018904633343
"203",0.526297801447477,-0.0386115323668085,0.145209167513749,0.118676033397817,0.0521189944130857,0.781872032589541,-0.916784952475042,-0.948015329632478,-0.867529773707724,-1.59378622154743,-0.336062504398718
"204",-0.142115590014821,-0.234520901380483,0.352415656241192,0.295169129499215,0.0517462614474985,-0.518828928988979,-0.447703111252301,-0.587392433150949,2.04595563200111,-0.493868520153323,-0.137139596828715
"205",-0.269365838180238,-0.137143214517176,0.424903160850903,0.368339735156179,0.13834166438275,-0.441053218432662,-0.90003202957423,-0.868145829069455,-0.212917546475675,-1.44713052802821,-0.291207070072152
"206",-0.217626726288804,-0.216729062049599,0.374207806031863,0.315505156100425,0.0717824920072995,-0.518828928988979,-0.715749877665296,-0.740677333221398,1.17006603218358,1.26599980207724,-0.0333698882381791
"207",1.44641498048972,-0.137143214517176,0.424903160850903,0.368339735156179,0.13834166438275,3.01681012804242,-0.112644653236058,-0.34778393146188,-0.793770649512563,0.752704874759996,0.185902787108496
"208",0.126368450070454,-0.137143214517176,0.424903160850903,0.368339735156179,0.13834166438275,-0.0137213804667599,-0.967043721177478,-0.929459789097634,-0.922849116854094,0.679377028000389,-0.281967425669623
"209",-0.00787356997218365,-0.0197134904786126,0.265714264493903,0.242945759889888,0.121331305375425,1.54022599241128,-0.866526183772605,-0.902836622243293,-0.941288897902884,1.19267195531764,1.61431552924736
"210",1.20869473666422,0.562721571742725,0.16940100910748,0.257684398320578,0.375550523967068,0.432354585849638,-0.950290798276666,-0.854430864326309,-0.913629226329699,1.8526225761541,2.14642844400868
"211",0.69270197212533,0.492954143128084,-0.0259218427660771,0.11308849548071,0.242526862724421,-0.518828928988979,-0.179656344839307,-0.388928825691316,-0.618592729549057,1.63263903587528,-0.216648444341142
"212",0.882878167185732,0.590440359315196,0.190732651980239,0.280318007529544,0.400454953778661,-0.342182534713318,-0.950290798276666,-0.900416334347444,-0.885969554756514,1.48598334235607,-0.187451301869093
"213",0.136156930698563,0.807837538760333,0.414970891604861,0.508682547883695,0.62412740560916,-0.345030173080149,-0.90003202957423,-0.885087844340399,-0.812210430561353,0.972688415038816,0.136753468437781
"214",0.787790069655531,-1.5458140102275,-1.68177893296442,-1.6624257244547,-1.63422696004947,-0.518828928988979,-1.0005495669791,-0.752778772700644,-0.932069007378489,1.55931118911567,12.1675212538544
"215",1.06746094474436,0.833406649175974,0.477864197523346,0.559429743362229,0.668542639188278,-0.337404297127463,-0.715749877665296,-0.839909136951214,-0.867529773707724,1.55931118911567,-0.186702852823634
"216",1.0814444884988,0.881657392584929,0.53289995187093,0.612034432657546,0.720811269670232,-0.311783414485478,-0.464456034153113,-0.689044524776615,-0.802990540036958,0.752704874759996,-0.210650016700113
"217",0.14874212007756,0.807518920562007,0.414697084912267,0.5083550892856,0.623828019023206,-0.368634871002669,-0.833020337970981,-0.875406692757002,-0.858309883183329,1.48598334235607,0.0916267127028494
"218",0.382267300776731,1.0697516546028,0.705385985482627,0.791763627868862,0.903743808326473,-0.518828928988979,0.172155036077749,0.101582854534118,-0.0930589696585397,0.459393487721567,-0.241972341190791
"219",0.81435880278897,0.286996352684711,-0.310820904375129,-0.13986978607322,-0.00538390043355398,-0.518828928988979,-0.715749877665296,-0.785856040610582,-0.729231415841798,1.48598334235607,-0.269798399228686
"220",0.217261484474323,0.525851472105217,-0.0147499814857094,0.126957095002199,0.265090209455198,-0.518828928988979,-0.799514492169357,-0.833455035895616,-0.802990540036958,1.19267195531764,-0.243217113740486
"221",1.0814444884988,0.982939148059596,0.635320101576829,0.713865976035298,0.824029629371294,-0.342688817684247,0.0883904215736882,-0.357465083045277,-0.434194919061156,-0.0539014395956808,-0.187451301869093
"222",0.98355968221771,0.632368522851124,0.204277098505667,0.309101279042727,0.428913349076086,-0.518828928988979,-0.698996954764484,-0.816513020624672,-0.812210430561353,1.55931118911567,0.105689994387179
"223",1.08004613412336,0.945531380212414,0.587420681616537,0.669801480891857,0.780929296343406,-0.30346408811581,0.0381316528712516,-0.228383061933321,-0.443414809585551,-1.300474834509,-0.222453247655661
"224",0.0760276925544647,0.67332191383655,0.279983583019748,0.371287463820009,0.48759645384954,-0.381425158610252,-0.481208957053926,-0.598687109998246,-0.397315356963576,0.386065640961961,-0.220640170037615
"225",1.06746094474436,0.974416111254383,0.566777058008039,0.663773995949211,0.785656137118089,-0.181316678787674,0.473707648292368,0.276650345667209,-0.12993853175612,-1.37380268126861,-0.136996519699737
"226",1.0814444884988,1.05688844052726,0.689959612868723,0.775543741082544,0.889435263230704,-0.518828928988979,0.691495646002926,0.24195955249337,-0.212917546475675,-0.347212826634109,-0.213765506172152
"227",0.913641963445503,0.671967786493666,0.235702431700191,0.344386147993626,0.464966428591825,-0.518828928988979,-0.766008646367732,-0.819740071152471,-0.802990540036958,0.972688415038816,-0.256130918910341
"228",-0.114148502505938,0.481921988011055,-0.0917938243837523,0.0660762716734382,0.204112696569784,-0.518828928988979,-0.98379664407829,-0.956082955951975,-0.932069007378489,1.99927826967331,0.133309773232551
"229",0.899658419691062,0.555761755473047,-0.0470433336723289,0.122205582067121,0.264510106270832,-0.33173785014527,-0.933537875375854,-0.892348708027946,-0.922849116854094,1.26599980207724,0.343882583946764
"230",1.33035156732786,-1.5458140102275,-1.68177893296442,-1.6624257244547,-1.63422696004947,-0.518828928988979,-0.732502800566108,-0.751165247436744,-0.830650211610144,1.77929472939449,1.00781876562127
"231",-0.63853139329749,1.17746551495616,0.726309507145068,0.841890066732275,0.96984956671874,-0.518828928988979,0.64123687730049,0.373461861501176,-0.369655685390391,0.679377028000389,-0.149527433358796
"232",3.717342486211,0.462126836758198,-0.0308859976966601,0.0979148375954202,0.224116254651385,-0.376158261255777,-0.715749877665296,-0.799571005353728,-0.885969554756514,1.48598334235607,0.945762380780332
"233",0.059247440049135,-1.5458140102275,-1.68177893296442,-1.6624257244547,-1.63422696004947,-0.518828928988979,-0.766008646367732,-0.79311690429813,-0.720011525317403,1.41265549559646,-0.253053108495466
"234",-0.530858106388291,1.17503605119393,0.724875296115673,0.839343050288079,0.967895219094168,-0.396980300721516,-0.0791388074344336,-0.386508537795467,-0.572493276927082,0.826032721519602,-0.178209215093287
"235",-0.458143678865196,1.17535367371039,0.724847884989606,0.839230713402995,0.968048579706127,-0.518828928988979,-0.98379664407829,-0.926232738569835,-0.950508788427279,0.239409947442747,0.119873475266151
"236",4.09489816758092,0.460982798289834,-0.0315682301676404,0.0970495698263345,0.223182755274244,-0.270374311584778,-0.698996954764484,-0.742290858485297,-0.885969554756514,1.48598334235607,2.2856332022005
"237",-0.929389103389871,1.17499522823727,0.724878037228279,0.839352895653029,0.96788255017405,-0.518828928988979,-0.698996954764484,-0.778595176923035,-0.885969554756514,0.972688415038816,-0.128698035643421
"238",-0.477720640121414,1.17533376007299,0.72485093067028,0.83923548454311,0.968041911853433,0.436041721274119,-1.01730248987991,-0.957696481215874,-0.950508788427279,0.826032721519602,-0.0111915031920767
"239",1.06326588161803,0.64779163501383,0.246806983437663,0.338075210398905,0.457951847557877,-0.518828928988979,-0.296926805144992,-0.498648543636479,-0.461854590634342,1.70596688263489,-0.208434611403271
"240",-0.82451252523156,1.17506592165002,0.724872250434998,0.839333351577025,0.967915222652249,-0.518828928988979,-0.296926805144992,-0.419585805705406,-0.249797108573255,1.19267195531764,-0.152702288306094
"241",0.843724244673297,0.590729107057428,0.190492043206991,0.28032293021202,0.400487626256861,-0.384056347902579,-0.866526183772605,-0.845556475374862,-0.904409335805304,0.0927542539235326,-0.249094073116321
"242",1.00173828909848,-1.5458140102275,-1.68177893296442,-1.6624257244547,-1.63422696004947,-0.518828928988979,-0.883279106673418,-0.904450147507192,-0.885969554756514,1.8526225761541,0.624412013356108
"243",-0.901422015880988,1.17499522823727,0.724878037228279,0.839352895653029,0.96788255017405,-0.518828928988979,-0.816267415070169,-0.856044389590209,-0.849089992658934,1.26599980207724,0.00754142228821102
"244",-0.172879386274592,0.543055859132938,-0.0532473852053051,0.113372094786683,0.254861723422806,-0.324389607410488,-0.816267415070169,-0.875406692757002,-0.830650211610144,1.8526225761541,-0.190317314984681
"245",-0.856674675866776,1.17501613755653,0.724878037228279,0.839347972970554,0.967888551241474,-0.402064910901346,0.289425496383434,-0.159808238217594,-0.526393824305107,0.679377028000389,-0.188732027304988
"246",-1.03985909904996,0.838245663063046,0.530715894259591,0.603562716098631,0.697620478000963,0.315963818149355,3.003399006315,2.12171648493624,0.340275884988028,-0.493868520153323,0.101418923936306
"247",-0.926592394638983,0.887293947649686,0.87641313805147,0.859859881590407,0.894349470666084,-0.513640929355607,0.322931342185058,0.131433071916258,-0.581713167451477,-0.127229286355288,-0.164523198119448
"248",1.11500499350946,-1.5458140102275,-1.68177893296442,-1.6624257244547,-1.63422696004947,-0.518828928988979,0.423448879589931,0.06527853609638,-0.849089992658934,-0.860507753951358,2.03782865642824
"249",-1.03426568154818,0.846878224873934,0.540690803035069,0.613437504709159,0.707036152789972,1.28453339025597,-1.05080833568154,-0.963343819639522,-0.959728678951674,-4.01360516461446,NA
"250",4.41512131955763,0.865130069228651,0.834065993959915,0.816015284188555,0.861943706573891,-0.0673411935575918,0.188907958978561,-0.240484501412567,0.626092491244274,-0.420540673393716,-0.157593084683919
"251",-0.852479612740443,-1.5458140102275,-1.68177893296442,-1.6624257244547,-1.63422696004947,0.092480736163626,-0.564973571557986,-0.768914025339638,-0.637032510597847,-1.300474834509,-0.180539152832245
"252",-0.639929747672934,-1.5458140102275,-1.68177893296442,-1.6624257244547,-1.63422696004947,0.121892143683634,-0.380691419649053,-0.415551992545658,-0.0100799549389842,-1.300474834509,-0.191152295253105
"253",-0.242797105046799,-1.5458140102275,-1.68177893296442,-1.6624257244547,-1.63422696004947,-0.518828928988979,-0.347185573847428,-0.341329830406283,1.17928592270798,-1.15381914098979,-0.246010662927642
"254",2.56370012646959,-1.5458140102275,-1.68177893296442,-1.6624257244547,-1.63422696004947,-0.518828928988979,-0.967043721177478,-0.952855905424176,-0.959728678951674,-0.640524213672537,NA
"255",0.256415406986758,0.641370482635697,0.594392244679366,0.632913039569862,0.626981913347405,-0.518828928988979,-0.246668036442555,-0.376020623580121,-0.655472291646637,0.312737794202354,-0.309230798976613
"256",0.0480606050455819,0.744591826392672,0.74267394940657,0.793156854555525,0.753771132321286,-0.0044762485358297,-0.648738186062047,-0.433300770448551,-0.766110977939378,-0.787179907191751,-0.20995255256402
"257",-0.33089343069978,0.875266110662889,0.837373298603832,0.892099453039817,0.868530878250162,-0.391977209149286,0.0213787299704394,0.00315781343625106,-0.858309883183329,-0.420540673393716,-0.135981498272423
"258",0.214464775723434,0.877644794649764,0.839806797462372,0.894470289269113,0.870971312336117,-0.347624127709137,-0.833020337970981,-0.849590288534611,-0.941288897902884,0.312737794202354,-0.128698035643421
"259",-0.342080265703333,0.856257548087149,0.743051918378216,0.751516900298451,0.812274871857275,-0.518828928988979,1.24434210172973,1.83370222533018,-0.729231415841798,-0.860507753951358,-0.22404324852237
"260",1.65337142805545,0.894124325276294,0.863581380803762,0.846182093454274,0.891608316423636,-0.433398151226922,0.322931342185058,0.669543747426726,-0.0561794075609594,0.532721334481175,-0.2247898262763
"261",-0.265170775053905,0.74438273320002,0.742378822949258,0.7927267577834,0.753517753918919,-0.186795325696038,0.758507337606175,1.04307484601945,-0.0930589696585397,-0.787179907191751,-0.237500380396974
"262",-0.021857113726625,-1.5458140102275,-1.68177893296442,-1.6624257244547,-1.63422696004947,-0.518828928988979,1.31135379333298,0.621137989509742,-0.434194919061156,-0.0539014395956808,0.0930124031989879
"263",0.285780848871085,-1.5458140102275,-1.68177893296442,-1.6624257244547,-1.63422696004947,-0.518828928988979,2.60132885669551,1.84822395270528,0.948788659598101,0.0927542539235326,-0.146545907796611
"264",-0.781163539592792,-1.5458140102275,-1.68177893296442,-1.6624257244547,-1.63422696004947,0.155420692764444,0.239166727680998,0.471080139967093,-0.0377396265121693,-0.860507753951358,-0.169349773652093
"265",-0.67908367018537,0.745897165323937,0.738927762177527,0.78960791824104,0.75260425809986,-0.378872776663633,0.373190110887495,0.759094399573146,0.755170958585805,-0.420540673393716,-0.232103784200603
"266",-0.623149495167605,-1.5458140102275,-1.68177893296442,-1.6624257244547,-1.63422696004947,0.119114998126036,0.440201802490744,0.537234675786971,-0.802990540036958,-0.347212826634109,-0.284221387209894
"267",-0.712644175196029,-1.5458140102275,-1.68177893296442,-1.6624257244547,-1.63422696004947,-0.329683165506916,1.14382456432485,0.704234540600564,-0.286676670670836,-0.347212826634109,-0.151295445459049
"268",-0.988119987158525,-1.5458140102275,-1.68177893296442,-1.6624257244547,-1.63422696004947,-0.518828928988979,-0.698996954764484,-0.769720787971588,0.579993038622299,-0.860507753951358,-0.25965411080997
